x_x,x_y,x_z,v_x,v_y,v_z,q0,q1,q2,q3,w_x,w_y,w_z,W1,W2,W3,W4,B_x,B_y,B_z,q_e_norm
5.582804794285225682e+06,-3.879785591619152576e+06,1.721983936326955518e+04,2.704940819977176488e+03,3.916642786899418752e+03,5.994561930769850733e+03,9.992861251060394245e-01,2.181218105717476138e-02,2.181216840711295776e-02,2.181204951919698057e-02,8.726646000000000403e-02,8.726646000000000403e-02,8.726646000000000403e-02,-1.915472042401933893e-04,-1.402968190207656363e-04,-7.766586463642761654e-06,2.752357618679861994e-06,-5.639797851351818229e-06,-2.567362348644490087e-07,2.417825437988682573e-05,7.772575816300530960e-08
5.584156371374282986e+06,-3.877826649564546067e+06,2.021711741350466400e+04,2.701367392088268389e+03,3.919125222567173296e+03,5.994549950458396779e+03,9.971290797026101105e-01,4.450845526986445255e-02,4.301220760946540544e-02,4.362447913614978662e-02,9.086766812211855004e-02,8.486208779652490430e-02,8.751810511527001457e-02,-5.162630102094139216e-05,-3.239640464932663262e-05,2.344355879972032829e-05,8.055226573487075069e-05,-6.677395952753138012e-06,1.088495625690367372e-06,2.396784012775638080e-05,1.141276564364801516e-07
5.585506161533237435e+06,-3.875866466605603229e+06,2.321438899401989329e+04,2.697793099762106522e+03,3.921606404114689212e+03,5.994536051891009265e+03,9.935358575445255580e-01,6.757779256414259139e-02,6.408142775389250034e-02,6.492434032949828682e-02,9.267047922520527115e-02,8.442481393674614032e-02,8.580512873335051360e-02,-1.180992766032716275e-04,8.995823724974736290e-05,-6.999963373488298987e-05,-1.012042756832390295e-04,-7.540915185595088510e-06,2.509257350539198231e-06,2.356549956890111437e-05,1.057240319068952772e-06
5.586854164330160245e+06,-3.873905043369580992e+06,2.621165314568836038e+04,2.694217944142465058e+03,3.924086330747986722e+03,5.994520235072137439e+03,9.885570874227459504e-01,9.102601039784148640e-02,8.374403773493042935e-02,8.637385778334340236e-02,9.414067900453296223e-02,7.912479017075113585e-02,8.723119042488476638e-02,1.684502242988448258e-04,-1.210086339489454535e-04,-9.010609501261303289e-05,1.755600393021903064e-04,-8.422491685283445652e-06,4.029886338347254226e-06,2.307070039617590607e-05,9.983795532519934568e-07
5.588200379333687015e+06,-3.871942380484136753e+06,2.920890890938556186e+04,2.690641926373392380e+03,3.926565001673491224e+03,5.994502500006840819e+03,9.822605753974448239e-01,1.143335049085572042e-01,1.030638384163170135e-01,1.071363571036668544e-01,9.416915083017353416e-02,7.800345258942575910e-02,8.504109563815545614e-02,2.539407282533737883e-05,-8.532578687399803500e-05,6.672876061724558139e-05,-8.485557757975938325e-05,-9.113354589486747674e-06,5.487544047713837637e-06,2.251561161616123086e-05,3.094981962714626889e-06
5.589544806113031693e+06,-3.869978478577320930e+06,3.220615532598968275e+04,2.687065047599215632e+03,3.929042416098027843e+03,5.994482846700795562e+03,9.744713028750798811e-01,1.386069431505582983e-01,1.212687751624075411e-01,1.284606203463792840e-01,9.793143668314847894e-02,7.407483230033420907e-02,8.879058607807267800e-02,1.070754341420477516e-04,8.626466391663876034e-05,6.556735103461601162e-05,1.006338913538250160e-04,-9.637305902683249446e-06,6.975212759643340110e-06,2.176672559813697561e-05,2.897815046587481902e-06
5.590887444237975404e+06,-3.868013338277583476e+06,3.520339143638188398e+04,2.683487308964535259e+03,3.931518573228823698e+03,5.994461275160292644e+03,9.653990731535194714e-01,1.632161222451996296e-01,1.383125398984031973e-01,1.491895536089374585e-01,9.963707655765911830e-02,6.966268150867345466e-02,8.792987914306976682e-02,2.011988744900768762e-05,-1.183737282801538887e-04,1.097360716340142257e-04,1.080308616172251526e-04,-1.005062455060208571e-05,8.520977135675424061e-06,2.109634937471179111e-05,1.358530494544041289e-06
5.592228293278874829e+06,-3.866046960213769693e+06,3.820061628144664428e+04,2.679908711614228196e+03,3.933993472273508360e+03,5.994437785392232399e+03,9.549414701267825434e-01,1.884065836537113792e-01,1.549512564210930587e-01,1.691557076529212889e-01,1.029597518991346855e-01,6.801473533627402923e-02,8.639063599356643086e-02,-2.537744648624958954e-04,1.177421460529418069e-04,-8.181180266062028123e-05,-7.802767189672954158e-05,-1.047802104065826866e-05,1.009417235794127579e-05,2.012685579948064526e-05,-3.583561731801410133e-07
5.593567352806657553e+06,-3.864079345015119761e+06,4.119782890207204036e+04,2.676329256693446041e+03,3.936467112440114761e+03,5.994412377404132712e+03,9.433501270236822611e-01,2.139812555473763478e-01,1.707813187034728231e-01,1.875732414506919854e-01,1.056882860505466981e-01,6.419683615431241719e-02,8.208417133592174619e-02,2.750732358321948375e-05,-1.539163241944809410e-05,2.121383775808678110e-05,-3.128526452373270073e-05,-1.064676336212937003e-05,1.159601937498698375e-05,1.925256448075671808e-05,-4.197439443132111592e-06
5.594904622392828576e+06,-3.862110493311271071e+06,4.419502833915004885e+04,2.672748945347612334e+03,3.938939492937078285e+03,5.994385051204125375e+03,9.302952756034623683e-01,2.397725508618137880e-01,1.862102607313234626e-01,2.060345762893692201e-01,1.074193292989623627e-01,6.355256565470401853e-02,8.383289559657175483e-02,-9.988463517332453511e-05,-1.207034743322361674e-04,-7.689352615423690300e-06,-7.103977309347503567e-06,-1.069682982608398438e-05,1.300957492065169317e-05,1.822568998457905367e-05,-6.982695143875616850e-06
5.596240101609459147e+06,-3.860140405732255895e+06,4.719221363357688097e+04,2.669167778722429830e+03,3.941410612973237676e+03,5.994355806800954269e+03,9.159626504646795064e-01,2.663599032424736057e-01,2.004041291738854202e-01,2.235814454457697720e-01,1.112628009710203147e-01,5.836983597527494599e-02,8.325473378321611440e-02,6.977097835146598066e-05,-1.553234907091783322e-04,-4.176184285395469594e-05,-7.595160529756350113e-05,-1.069477305738702509e-05,1.443458224730217172e-05,1.713811952437480061e-05,-1.673103137700415743e-05
5.597573790029194206e+06,-3.858169082908503711e+06,5.018938382625328813e+04,2.665585757963869128e+03,3.943880471757834130e+03,5.994324644203975367e+03,9.004854065428993248e-01,2.930585918172310400e-01,2.135178715496647561e-01,2.403393921433845948e-01,1.125490568801150587e-01,5.438571095546522460e-02,8.262292741624874259e-02,-9.470607249000530183e-05,-8.684512365280639096e-05,3.175729640980491848e-05,-7.951004907338889637e-05,-1.054652447221331804e-05,1.583012923431076900e-05,1.593431642058120088e-05,-2.986564756435328150e-05
5.598905687225254253e+06,-3.856196525470836554e+06,5.318653795808480209e+04,2.662002884218178224e+03,3.946349068500511294e+03,5.994291563423164916e+03,8.838952695857159592e-01,3.196488829875385740e-01,2.262947208143009370e-01,2.558962779997110970e-01,1.141575333175973289e-01,5.281563095400742397e-02,7.966402892588028695e-02,9.416223905800887300e-05,9.667488712266236755e-06,5.376586071320436256e-06,1.005705122177111656e-04,-1.037129791029735892e-05,1.715703878548496765e-05,1.474891192399693628e-05,-4.250288656781897600e-05
5.600235792771435343e+06,-3.854222734050473198e+06,5.618367506998216413e+04,2.658419158631876599e+03,3.948816402411320269e+03,5.994256564469106706e+03,8.662976351704865241e-01,3.460523510450955187e-01,2.384563003123058023e-01,2.703425738590289895e-01,1.151533055856794607e-01,5.032050191083162899e-02,7.738203572416026133e-02,-2.410274172108398723e-05,1.790211615244210552e-04,9.198637069609697035e-05,3.995278279157946422e-06,-1.010130397643359890e-05,1.830705906082594157e-05,1.336045444441412600e-05,-5.581310007429785003e-05
5.601564106242101640e+06,-3.852247709279026836e+06,5.918079420286150707e+04,2.654834582351757035e+03,3.951282472700714607e+03,5.994219647353002074e+03,8.473842255178861693e-01,3.727303333229798343e-01,2.504006129686714432e-01,2.837584941290153817e-01,1.186641854260389595e-01,4.909514920193332188e-02,7.579134931879606685e-02,-1.579049076184342105e-04,9.610009685086108968e-05,-4.967494576717298435e-05,1.373650473558265053e-04,-9.654454964586676365e-06,1.953872748388386159e-05,1.205602338217285885e-05,-7.105670615614734231e-05
5.602890627212191932e+06,-3.850271451788503677e+06,6.217789439764471172e+04,2.651249156524882437e+03,3.953747278579549857e+03,5.994180812086660808e+03,8.273026059492303297e-01,3.995659044951597183e-01,2.616112547933349686e-01,2.961860714281588924e-01,1.210878052983218323e-01,4.612229065641565429e-02,7.501406290785200826e-02,2.494268309947256208e-05,4.371313269526484399e-05,2.660936880867326675e-05,5.441735632386198156e-05,-9.189195647663239532e-06,2.054491887209782073e-05,1.055411886475957353e-05,-9.076753295156336776e-05
5.604215355257224292e+06,-3.848293962211309001e+06,6.517497469525977795e+04,2.647662882298590830e+03,3.956210819259090840e+03,5.994140058682515701e+03,8.062480601559747218e-01,4.258707349984113266e-01,2.725450865839017522e-01,3.075915041185051102e-01,1.216198198790893470e-01,4.521713729831890183e-02,7.266768677970866785e-02,-1.507482184792013923e-04,-1.275626737072129108e-04,1.433610920170053487e-05,7.262106027065984976e-05,-8.505032467433566547e-06,2.146754599535328215e-05,9.059931728438858959e-06,-1.086112808745820502e-04
5.605538289953281172e+06,-3.846315241180238780e+06,6.817203413664098480e+04,2.644075760820488540e+03,3.958673093951003011e+03,5.994097387153604359e+03,7.841548282762844657e-01,4.520610004703298213e-01,2.829836674836294086e-01,3.178182022193926093e-01,1.236859234749338593e-01,4.288246953931800637e-02,7.085895054181856612e-02,-2.689610390410963195e-05,-7.639434324819026128e-05,-2.687250316131238546e-05,-8.727868307307560443e-06,-8.021935341504496627e-06,2.237163639354484930e-05,7.562884093673791675e-06,-1.292042038292251505e-04
5.606859430877025239e+06,-3.844335289328484330e+06,7.116907176272940706e+04,2.640487793238455197e+03,3.961134101867359732e+03,5.994052797513583755e+03,7.615600345781725622e-01,4.776046320762329933e-01,2.922428905121169374e-01,3.269769293267368870e-01,1.222679363547751197e-01,3.864193452742660517e-02,6.954580313296826466e-02,5.001357561035078288e-05,-1.141710167650142511e-04,-5.447653153447221699e-05,-1.218037093641610112e-04,-7.386856983811168593e-06,2.302100432905169298e-05,5.928202971999821733e-06,-1.539405495367685006e-04
5.608178777605691925e+06,-3.842354107289629057e+06,7.416608661447300983e+04,2.636898980700639640e+03,3.963593842220638180e+03,5.994006289776720223e+03,7.381008955669977611e-01,5.028239814736291668e-01,3.011197520667523442e-01,3.349025860247867303e-01,1.238635774537421991e-01,3.655441455862668693e-02,6.726848239533791962e-02,-2.241764664119720899e-04,-1.630018282493641332e-04,1.967759840038198584e-04,2.436096868681808507e-06,-6.578480821066450988e-06,2.349758670516559968e-05,4.398601985731376118e-06,-1.806998493414369023e-04
5.609496329717091285e+06,-3.840371695697654039e+06,7.716307773282703420e+04,2.633309324355463104e+03,3.966052314223720714e+03,5.993957863957900372e+03,7.138856429365439960e-01,5.280226573407545976e-01,3.093773384160468654e-01,3.411238570652310176e-01,1.265366766456523795e-01,3.223560431374701551e-02,6.446738366827946265e-02,1.667300349895873700e-04,1.472833477005727396e-04,1.246729796934175046e-05,-7.042047571592398964e-05,-5.968857477592257666e-06,2.397331889094932424e-05,2.675411027798651398e-06,-2.150501322497611056e-04
5.610812086789605208e+06,-3.838388055186926853e+06,8.016004415875440463e+04,2.629718825351615124e+03,3.968509517089896690e+03,5.993907520072614716e+03,6.884422950214746928e-01,5.526876216145070186e-01,3.176234184741099642e-01,3.468259947851959901e-01,1.282216000257445088e-01,3.335123561173156115e-02,6.402052069388329547e-02,2.995648082947221160e-05,-7.851146060760340372e-05,-1.548001331215030196e-04,-1.643994332501832567e-04,-5.224933665131979786e-06,2.435072554749943613e-05,1.106614314922634409e-06,-2.486728312476316205e-04
5.612126048402189277e+06,-3.836403186392215546e+06,8.315698493322586000e+04,2.626127484838055807e+03,3.970965450032861554e+03,5.993855258136977682e+03,6.619639483764960808e-01,5.770696458087620773e-01,3.252902347307378150e-01,3.516315747597432706e-01,1.300542680014126484e-01,3.147977982223551519e-02,6.390473674806722293e-02,-2.121695737349375778e-04,-1.780030325023883775e-04,-9.216843832330979321e-05,8.872803050470165118e-05,-4.457350277754343646e-06,2.444590707951853659e-05,-6.926495109067560437e-07,-2.879615384181466453e-04
5.613438214134380221e+06,-3.834417089948677458e+06,8.615389909722037555e+04,2.622535303964014020e+03,3.973420112266716842e+03,5.993801078167714877e+03,6.346304891871654696e-01,6.006873330423357915e-01,3.336634788526527395e-01,3.547278568101734919e-01,1.332098942617585824e-01,3.159065938079295283e-02,5.795580770914408181e-02,5.208230778170318682e-05,-5.138169142880522376e-05,3.847674703638021991e-05,2.067708441260698591e-05,-3.684692584580152610e-06,2.443310907051227704e-05,-2.276297768207923372e-06,-3.241641450255627888e-04
5.614748583566281945e+06,-3.832429766491862480e+06,8.915078569172541029e+04,2.618942283878987837e+03,3.975873503005971543e+03,5.993744980182163090e+03,6.070022474148398794e-01,6.236211532045442540e-01,3.415117140390048767e-01,3.561488618306003495e-01,1.336641988488739552e-01,2.759832836291263580e-02,5.447067773466395674e-02,8.330287442739096545e-05,-3.724787448607327385e-05,-7.794238253599148345e-05,2.425063328693984933e-05,-2.917792970478477005e-06,2.435376268141761278e-05,-4.091415511439634194e-06,-3.652934094375837049e-04
5.616057156278578565e+06,-3.830441216657714918e+06,9.214764375773734355e+04,2.615348425732744090e+03,3.978325621465538916e+03,5.993686964198269379e+03,5.787243159327692954e-01,6.459213614065312248e-01,3.486995614227075269e-01,3.566329616273584691e-01,1.340750628769997732e-01,2.544846631529551137e-02,5.390158397019380321e-02,-6.730647627796169951e-05,-2.284934312622673958e-05,1.444191157787834661e-04,1.805352919057544224e-05,-2.241829246772611225e-06,2.415786735825030580e-05,-5.699810321078549286e-06,-4.119346458848482939e-04
5.617363931852526963e+06,-3.828451441082571633e+06,9.514447233626160596e+04,2.611753730675316092e+03,3.980776466860742858e+03,5.993627030234601989e+03,5.498516450446514492e-01,6.670348696104527741e-01,3.561875367431651118e-01,3.561793138944223669e-01,1.345906360361529275e-01,2.624195118028927257e-02,5.014966194551404022e-02,1.067050504646955216e-04,-3.205077574265843696e-05,-4.592036640966431566e-05,2.081986404946896218e-05,-1.489734718197890244e-06,2.375172328399089707e-05,-7.401460018682166252e-06,-4.544660212699724866e-04
5.618668909869956784e+06,-3.826460440403160173e+06,9.814127046831305779e+04,2.608158199857006821e+03,3.983226038407311989e+03,5.993565178310341253e+03,5.207049541470402110e-01,6.873542962309779902e-01,3.627458172061057695e-01,3.548586447725349258e-01,1.334780608957553127e-01,2.340821336681348647e-02,4.998157174835858585e-02,-5.710151249097478220e-05,-3.714897264286887206e-05,2.979125608397970853e-05,2.122436147217042653e-04,-8.665939417608336155e-07,2.327243717362263042e-05,-9.084890528914088721e-06,-5.036983603889932937e-04
5.619972089913277887e+06,-3.824468215256600175e+06,1.011380371949163527e+05,2.604561834428386192e+03,3.985674335321384206e+03,5.993501408445278685e+03,4.909357604493467253e-01,7.067647246740732525e-01,3.697013573588345259e-01,3.521127687920177496e-01,1.359151542158337500e-01,2.251072424452479903e-02,4.548760131923089423e-02,4.468521231716077028e-05,3.543041835470297628e-05,-1.461335928700375738e-04,3.244433165852868728e-05,-1.907147706492332148e-07,2.253702517409857220e-05,-1.063339952358408489e-05,-5.532472700400248300e-04
5.621273471565472893e+06,-3.822474766280404292e+06,1.041347715571061563e+05,2.600964635540291965e+03,3.988121356819505309e+03,5.993435720659818799e+03,4.603992345271343822e-01,7.252266333426211631e-01,3.764184019374744450e-01,3.488374691065203037e-01,1.366571039062898507e-01,2.301529273619386598e-02,4.479932554226225688e-02,-1.535747549544075731e-04,-5.420902645807310717e-05,-3.565591977846599328e-05,7.291158131298062866e-05,4.334514153259572880e-07,2.167771901540242624e-05,-1.211028243040214066e-05,-6.050178267626993289e-04
5.622573054410097189e+06,-3.820480094112477731e+06,1.071314725959275384e+05,2.597366604343826111e+03,3.990567102118626281e+03,5.993368114974985474e+03,4.298878004739332126e-01,7.424751261549982218e-01,3.833070915197237527e-01,3.441022422923392665e-01,1.367780946732898295e-01,2.075495418612034737e-02,3.975587876901586631e-02,-1.284290872400529907e-04,-3.260628084466215063e-04,-1.149044002832861684e-04,7.968462792081192243e-05,1.034440065698683135e-06,2.087458406997500578e-05,-1.362739237582056924e-05,-6.566455965473227963e-04
5.623870838031287305e+06,-3.818484199391114525e+06,1.101281393524361338e+05,2.593767741990359355e+03,3.993011570436111469e+03,5.993298591412411042e+03,3.988888530499689056e-01,7.590678843780269691e-01,3.893516122238821486e-01,3.385562379755747697e-01,1.371684365976513220e-01,1.854816455277565057e-02,4.053246502089923042e-02,-4.895858532836425646e-05,-1.104280682546998865e-04,8.075642090815190338e-05,-1.156001018322952185e-05,1.562101129515548097e-06,1.977098990379213802e-05,-1.499900481264562627e-05,-7.173897523455874392e-04
5.625166822013750672e+06,-3.816487082755000796e+06,1.131247708676986367e+05,2.590168049631528902e+03,3.995454760989729493e+03,5.993227149994341744e+03,3.679006784021338072e-01,7.740582511159820323e-01,3.962608634552788334e-01,3.317839331118018209e-01,1.376497529079380444e-01,1.835911718810421395e-02,3.344910319310590019e-02,-4.973409666309755857e-05,-5.280782124006690149e-05,2.181748352802055592e-04,4.715219679696558327e-05,2.002356742826329429e-06,1.860648825985074077e-05,-1.637144145432144169e-05,-7.714812693211392514e-04
5.626461005942774005e+06,-3.814488744843213353e+06,1.161213661827929609e+05,2.586567528419234804e+03,3.997896672997659607e+03,5.993153790743642276e+03,3.357116059056913793e-01,7.881297360864191193e-01,4.030918955109930035e-01,3.246583843192083485e-01,1.404554907899935035e-01,2.026961344153770453e-02,3.330757907143806762e-02,-1.417876094165195975e-04,-6.031406284042557033e-05,-2.102152629143310726e-04,1.445169152313292512e-04,2.583095778179026369e-06,1.740555949383124613e-05,-1.761539801119509416e-05,-8.309483644834969596e-04
5.627753389404219575e+06,-3.812489186295220628e+06,1.191179243388086616e+05,2.582966179505645414e+03,4.000337305678490793e+03,5.993078513683784877e+03,3.033078755964127016e-01,8.007779031785049462e-01,4.104401343956362580e-01,3.164716347773701144e-01,1.415908436479246801e-01,1.981432390005024441e-02,2.824338984399843086e-02,8.027840556636902812e-05,1.142547208145311855e-04,-1.216544952235015814e-04,-1.907215458859063621e-04,3.013798896279511204e-06,1.602715939460917289e-05,-1.880539225861397443e-05,-8.888467999657034824e-04
5.629043971984521486e+06,-3.810488407750883140e+06,1.221144443768471683e+05,2.579364004043191471e+03,4.002776658251219487e+03,5.993001318838860243e+03,2.708044422099703530e-01,8.123703901950677375e-01,4.177507150438125594e-01,3.068916176917094729e-01,1.428557090122708761e-01,1.681141644314106467e-02,2.507201395090534468e-02,1.255743506313611996e-05,5.825412985524327944e-05,-4.927680643388629683e-05,1.073973023102414037e-04,3.475935174355989682e-06,1.463815442471922556e-05,-1.989978525504841473e-05,-9.514103750658531311e-04
5.630332753270694986e+06,-3.808486409850448836e+06,1.251109253380220616e+05,2.575761003184569290e+03,4.005214729935254127e+03,5.992922206233568431e+03,2.374949261519375132e-01,8.229891752578407660e-01,4.244016456893457412e-01,2.971100352703292535e-01,1.439334532632094155e-01,1.798258432247357846e-02,2.635730655264394151e-02,-2.052840743528068653e-04,-2.205374350330395732e-04,6.974874052031440402e-05,-5.255946366648508539e-05,3.754840097454158849e-06,1.309215049430253388e-05,-2.088298013979650813e-05,-1.021602460188120176e-03
5.631619732850331813e+06,-3.806483193234557286e+06,1.281073662634594803e+05,2.572157178082739847e+03,4.007651519950411512e+03,5.992841175893227955e+03,2.049372392222243433e-01,8.317128285065595872e-01,4.313781109550290371e-01,2.870467099495049856e-01,1.405196428217700966e-01,1.834191998403830737e-02,2.091857530500909265e-02,9.179789879471316404e-05,-8.076995006303870330e-06,-6.923420682511765537e-05,1.434733607259511983e-04,4.151087563748630420e-06,1.154809905761158393e-05,-2.172147815208716291e-05,-1.083104388003519603e-03
5.632904910311595537e+06,-3.804478758544237819e+06,1.311037661942983104e+05,2.568552529890926053e+03,4.010087027516918624e+03,5.992758227843767600e+03,1.718229408437111361e-01,8.391037308099157377e-01,4.381876483035704317e-01,2.769963197716440728e-01,1.410528953809497554e-01,2.073468084962837299e-02,1.982647543283645383e-02,9.530205668390125562e-05,1.085652103985129311e-04,3.240475133371071794e-05,9.044257787111212624e-05,4.406407573779786273e-06,9.930362339240085247e-06,-2.245326715850573998e-05,-1.147010608180565328e-03
5.634188285243231803e+06,-3.802473106420909055e+06,1.341001241716906661e+05,2.564947059762614572e+03,4.012521251855413084e+03,5.992673362111730967e+03,1.381845509904170988e-01,8.452474684363908697e-01,4.451772301202263082e-01,2.660134426441339572e-01,1.437715716703849289e-01,2.003100424433103960e-02,1.698235124234482446e-02,5.883351788320541294e-05,-3.034052798482040917e-05,-2.239424014206240342e-05,5.476231586521760302e-05,4.731584740217268037e-06,8.154931027647501261e-06,-2.307502462640688616e-05,-1.214971946050802387e-03
5.635469857234560885e+06,-3.800466237506380305e+06,1.370964392368020199e+05,2.561340768851556277e+03,4.014954192186944510e+03,5.992586578724275569e+03,1.044123938266195983e-01,8.504575334625585903e-01,4.513466940582104847e-01,2.544059713759313501e-01,1.439354741171646468e-01,1.870182205396726111e-02,1.788814297213519450e-02,-1.003817852103628490e-04,-2.291575785653726416e-05,9.165707138135615510e-05,1.032713946052293190e-04,4.973685116886917322e-06,6.462511831950784102e-06,-2.359104895696804524e-05,-1.289909298783475933e-03
5.636749625875478610e+06,-3.798458152442851104e+06,1.400927104308115086e+05,2.557733658311766703e+03,4.017385847732970888e+03,5.992497877709173736e+03,7.051840262931882708e-02,8.538259127499142620e-01,4.582894037296660894e-01,2.423423316815119799e-01,1.451766720626613549e-01,1.956628319848396913e-02,1.188116369796229053e-02,-4.595195947109779490e-05,5.644975089222173425e-05,-1.305270992165379724e-04,6.929128009734325272e-05,5.267707777268896672e-06,4.693772862476595669e-06,-2.384894895501722979e-05,-1.360308511465069259e-03
5.638027590756459162e+06,-3.796448851872906089e+06,1.430889367949125008e+05,2.554125729297518774e+03,4.019816217715363564e+03,5.992407259094808978e+03,3.757678059544304616e-02,8.553906488624358762e-01,4.656972152512571239e-01,2.300011400481882240e-01,1.423698439990747910e-01,1.875573504566625457e-02,6.000999188521111832e-03,-7.607826094106445009e-05,7.482480464384147956e-05,7.152961811597834943e-05,-9.232971811181482093e-05,5.572921935298668146e-06,2.946481762122447708e-06,-2.417755125013312516e-05,-1.423502663315590056e-03
5.639303751468554139e+06,-3.794438336439522915e+06,1.460851173703125096e+05,2.550516982963350983e+03,4.022245301356403616e+03,5.992314722910175988e+03,3.654236941515416788e-03,8.556349524169529763e-01,4.726601065398323698e-01,2.179036349437779296e-01,1.446478550808256158e-01,2.255590651596323451e-02,6.004029632931191102e-03,1.580722838786351853e-04,-1.850303897818674089e-04,2.279288984205146161e-05,2.253332224667100984e-04,5.782799920215024033e-06,1.180007144925746666e-06,-2.426500804509869463e-05,-1.492581989308572332e-03
5.640578107603394426e+06,-3.792426606786066666e+06,1.490812511982338037e+05,2.546907420464063307e+03,4.024673097878783210e+03,5.992220269184891549e+03,-2.986088257404898028e-02,8.546106241298062622e-01,4.789500089282311968e-01,2.061556872035085752e-01,1.419824538670356739e-01,2.407463635565501581e-02,5.561226749475471978e-03,-5.260643961148212926e-05,8.381290057298826986e-05,-4.867210182332791757e-05,-1.329859797537043698e-04,6.122680386747455385e-06,-6.351913588634838771e-07,-2.423491230627763051e-05,-1.561677423496554695e-03
5.641850658753182739e+06,-3.790413663556290790e+06,1.520773373199135240e+05,2.543297042954713561e+03,4.027099606505609245e+03,5.992123897949177262e+03,-6.306062824824212876e-02,8.520188005729060210e-01,4.855802627272323702e-01,1.938391075884342285e-01,1.424492358149686555e-01,2.278348503730432198e-02,1.216559737861682648e-03,-1.232512929050647923e-05,5.079795136318717856e-05,1.423437252661528417e-04,2.281991825175413654e-04,6.374136298784149908e-06,-2.414552603817786856e-06,-2.401002491307070664e-05,-1.627948229063314045e-03
5.643121404510703869e+06,-3.788399507394337095e+06,1.550733747766042652e+05,2.539685851590622406e+03,4.029524826460398799e+03,5.992025609233873183e+03,-9.661669022686825148e-02,8.478303099135685583e-01,4.922669035313751995e-01,1.814664345220147468e-01,1.442035011226837360e-01,2.450454276490814098e-02,-1.775675579458882349e-03,-6.903636633394486270e-05,1.565385962480837681e-04,-1.260103176446588616e-04,6.113298393150193148e-05,6.625708032537723895e-06,-4.052311443801221429e-06,-2.373538986820367149e-05,-1.695279262281745858e-03
5.644390344469321892e+06,-3.786384138944735751e+06,1.580693626095739601e+05,2.536073847527372891e+03,4.031948756967082318e+03,5.991925403070432367e+03,-1.298692068226651730e-01,8.416444595990397737e-01,4.993000584526861019e-01,1.703114504784855321e-01,1.417950466778164498e-01,2.933760806569989110e-02,-7.554441456745435157e-03,-1.248025510351387715e-04,-6.903392901273268313e-05,2.065192174577107866e-05,1.436584238757458764e-04,6.999220606106939860e-06,-5.821782853681202798e-06,-2.320569573600077186e-05,-1.759266118948055180e-03
5.645657478222973645e+06,-3.784367558852405287e+06,1.610652998601065483e+05,2.532461031920805453e+03,4.034371397250000427e+03,5.991823279490923596e+03,-1.628244813538737013e-01,8.345247573070854186e-01,5.054854989667268983e-01,1.587673494518015704e-01,1.414685353172856763e-01,2.851388408353029008e-02,-6.567278492536671348e-03,-1.135810071333811074e-04,-1.220103266089828120e-04,-1.396001464821982194e-05,1.928611115003091066e-06,7.380900201131015792e-06,-7.466827108004658573e-06,-2.265893622049756971e-05,-1.823981075447678180e-03
5.646922805366177112e+06,-3.782349767762650270e+06,1.640611855695021804e+05,2.528847405927022010e+03,4.036792746533909394e+03,5.991719238528021378e+03,-1.958275568542093004e-01,8.258777385939171101e-01,5.114515571236402103e-01,1.476113602003907843e-01,1.416875621230782312e-01,3.101148171514904808e-02,-9.134725057643438423e-03,-6.885410963120351766e-05,-1.568589756409917918e-05,1.683974695778277741e-04,1.253453367012121250e-05,7.645535804236548954e-06,-9.007056387169327813e-06,-2.196295458280480436e-05,-1.888916556692432636e-03
5.648186325494030491e+06,-3.780330766321164556e+06,1.670570187790774216e+05,2.525232970702381863e+03,4.039212804043975666e+03,5.991613280215021405e+03,-2.283133917420796521e-01,8.156258238438452990e-01,5.176536577413701767e-01,1.363204491916571448e-01,1.416402731616175914e-01,3.027381904142791014e-02,-1.338022109827484950e-02,-1.673154811986737281e-04,-7.935000369233681874e-05,-1.067477787052639125e-04,-1.936285862047535316e-05,8.068239568089446319e-06,-1.058422945422729170e-05,-2.113474193021602613e-05,-1.950402692901809232e-03
5.649448038202201948e+06,-3.778310555174028035e+06,1.700527985301657172e+05,2.521617727403504432e+03,4.041631569005784058e+03,5.991505404585832366e+03,-2.606469929751311643e-01,8.040661818099907876e-01,5.232951014673125067e-01,1.254951104157221997e-01,1.410589503900266106e-01,3.269457085791034612e-02,-1.475968684935213826e-02,-6.655425883923482230e-05,6.322761007681870370e-05,5.945528407114091760e-05,-8.229799746939286454e-05,8.502658825199923450e-06,-1.201764385220135855e-05,-2.021613949414405043e-05,-2.011503711270234973e-03
5.650707943086947314e+06,-3.776289134967709426e+06,1.730485238641175383e+05,2.518001677187267887e+03,4.044049040645329114e+03,5.991395611674972315e+03,-2.925455663676890805e-01,7.911881515572013468e-01,5.284124079695000642e-01,1.156957602365916715e-01,1.386202381469458234e-01,3.627820354944680248e-02,-1.711039289122819745e-02,1.136168637000877049e-04,3.848303797923803962e-06,-9.554526921171348978e-05,-1.989529913278142320e-04,8.856622720764583057e-06,-1.342257014251004971e-05,-1.905590868340026309e-05,-2.070514309084448001e-03
5.651966039745093323e+06,-3.774266506349063013e+06,1.760441938223008474e+05,2.514384821210808241e+03,4.046465218189018742e+03,5.991283901517575032e+03,-3.249634387664422919e-01,7.767862323195645624e-01,5.331476217864290490e-01,1.051117909521938620e-01,1.435037320975032782e-01,3.604963899574203240e-02,-1.795762496708881717e-02,-1.174033462982348124e-04,-6.464196449358877543e-05,-1.250698869769768562e-05,3.942325707905703562e-05,9.411668786521603828e-06,-1.460659156007916955e-05,-1.797720059943618191e-05,-2.132940604592237221e-03
5.653222327774054371e+06,-3.772242669965329114e+06,1.790398074461013020e+05,2.510767160631519801e+03,4.048880100863677399e+03,5.991170274149389115e+03,-3.563478730569322739e-01,7.607039907709328697e-01,5.380942286263497021e-01,9.598358191286943120e-02,1.394625632067720833e-01,3.878838624652989481e-02,-2.449562443556876565e-02,6.949796804641250982e-05,1.503336299252853807e-04,-1.820660794407856704e-04,-1.173287759045426953e-04,9.835238192089812521e-06,-1.577408093154349176e-05,-1.670341499702808773e-05,-2.189807038067259626e-03
5.654476806771814823e+06,-3.770217626464137342e+06,1.820353637769224879e+05,2.507148696607053807e+03,4.051293687896542906e+03,5.991054729606773435e+03,-3.881222977335472835e-01,7.432781101898187082e-01,5.421061158957017900e-01,8.691454270654239145e-02,1.420600247939370897e-01,4.164706427893822421e-02,-2.447508949591462382e-02,-1.364568168861096957e-04,-9.411193063938763615e-05,7.400745564131410554e-05,3.250159155566339429e-05,1.036825842603190272e-05,-1.678602955114930653e-05,-1.530152570667352738e-05,-2.249872148395448690e-03
5.655729476336942986e+06,-3.768191376493499614e+06,1.850308618561863841e+05,2.503529430295318434e+03,4.053705978515265542e+03,5.990937267926702589e+03,-4.192729435752273193e-01,7.246769381367718088e-01,5.453868239332878565e-01,7.910516517588241092e-02,1.390432785772870439e-01,4.556528349061176458e-02,-2.700846827599462374e-02,8.222227062303830148e-05,-2.684089390880907262e-05,-2.531852616215641573e-04,-2.079994208599535751e-04,1.092977896325036004e-05,-1.768228651099734537e-05,-1.385424215922270402e-05,-2.308326781855774001e-03
5.656980336068587378e+06,-3.766163920701817609e+06,1.880263007253337128e+05,2.499909362854479241e+03,4.056116971947913953e+03,5.990817889146765992e+03,-4.495408733543459490e-01,7.048900820359682573e-01,5.483529507823711180e-01,7.151668829037453878e-02,1.378836509692793200e-01,4.518340700696080875e-02,-2.931981352500986904e-02,-4.012705290792198463e-05,4.311351694775226815e-06,2.608171331639453586e-04,3.259121480749881496e-05,1.145721293363072993e-05,-1.848268472550584177e-05,-1.229081071425608414e-05,-2.360400551838726102e-03
5.658229385566468351e+06,-3.764135259737876244e+06,1.910216794258240261e+05,2.496288495442957355e+03,4.058526667422970604e+03,5.990696593305166061e+03,-4.792251256832691375e-01,6.845255879259460885e-01,5.499319701153274620e-01,6.489224863935459664e-02,1.347651316851232461e-01,4.926012760730483914e-02,-2.857679091259384199e-02,-2.180938589603610234e-04,-5.453681749362006371e-06,-1.001722657282978345e-04,1.091461234415528117e-04,1.201628725302009657e-05,-1.913463365325574438e-05,-1.070004464099804048e-05,-2.410267572056090657e-03
5.659476624430891126e+06,-3.762105394250847399e+06,1.940169969991362304e+05,2.492666829219430838e+03,4.060935064169333600e+03,5.990573380440718211e+03,-5.087714978940121036e-01,6.625234318063759620e-01,5.510818790585615412e-01,5.913304295817647938e-02,1.355016080863232775e-01,5.256052304419393112e-02,-3.267660214470293617e-02,1.431083701750084569e-04,-3.504649125564321643e-05,-2.836545174147640002e-05,8.377206934797881298e-05,1.243343681038354812e-05,-1.960100472729751347e-05,-9.037649082140371615e-06,-2.462057896421843139e-03
5.660722052262743004e+06,-3.760074324890288524e+06,1.970122524867687607e+05,2.489044365342832862e+03,4.063342161416315321e+03,5.990448250592845397e+03,-5.379994024417729115e-01,6.389550541849754461e-01,5.517605180585876123e-01,5.414468023597299173e-02,1.360237836205851758e-01,5.522011886492715627e-02,-3.650274226441025532e-02,1.549589090308107651e-04,1.116741384893382987e-04,9.443832395615979632e-05,5.072785808144314392e-05,1.307721108220218008e-05,-1.998326898904471383e-05,-7.363191291564710021e-06,-2.514659943034347478e-03
5.661965668663483113e+06,-3.758042052306140307e+06,2.000074449302397261e+05,2.485421104972351714e+03,4.065747958393644694e+03,5.990321203801595402e+03,-5.661842106611064684e-01,6.150133751671145177e-01,5.512918079762538781e-01,4.946246868939146307e-02,1.332343255385180503e-01,5.624118460148126719e-02,-3.528152656540545218e-02,1.026019232437084286e-04,1.097921537623972868e-04,8.671906032212391775e-05,7.428046817301684770e-05,1.362846188724562808e-05,-2.022800403375828914e-05,-5.583495167305536570e-06,-2.558726900258267989e-03
5.663207473235157318e+06,-3.756008577148731798e+06,2.030025733710877248e+05,2.481797049267430793e+03,4.068152454331465378e+03,5.990192240107618090e+03,-5.937623138323669947e-01,5.898116633764820538e-01,5.502256179545138570e-01,4.571114529974586171e-02,1.324186534781360836e-01,5.878340395028355120e-02,-3.879792379300273791e-02,-1.971494385240671896e-04,3.193521643403060133e-05,-9.232720825423606614e-05,-8.606485755610043917e-06,1.403722934681779208e-05,-2.023117995213386558e-05,-3.804871353408332073e-06,-2.601891869587369399e-03
5.664447465580386110e+06,-3.753973900068775285e+06,2.059976368508715532e+05,2.478172199387769524e+03,4.070555648460341672e+03,5.990061359552184513e+03,-6.211828314785585725e-01,5.636606210179592180e-01,5.476863187994178706e-01,4.265591385622036907e-02,1.324915312185677430e-01,6.372763666197549248e-02,-3.908911863627425459e-02,-3.169063644118807755e-05,1.637777483260220940e-04,1.780564800678319473e-05,1.568375799280053058e-04,1.466149508085821218e-05,-2.023136913770906751e-05,-2.056047064339991754e-06,-2.646187248303455419e-03
5.665685645302374847e+06,-3.751938021717366297e+06,2.089926344111710787e+05,2.474546556493317439e+03,4.072957540011248966e+03,5.989928562177177810e+03,-6.477011633537350654e-01,5.365534158728564318e-01,5.444202173272514322e-01,4.060485959732366285e-02,1.305074195696775408e-01,6.597085839542386754e-02,-4.217489447270032082e-02,-5.088253411078713813e-05,3.095017600654301264e-05,8.725859413887080297e-05,2.644392946892953390e-05,1.504134666505325007e-05,-1.996377074231061983e-05,-2.412756829547975153e-07,-2.688212383261667782e-03
5.666922012004903518e+06,-3.749900942745985463e+06,2.119875650935870362e+05,2.470920121744281460e+03,4.075358128215582838e+03,5.989793848025091393e+03,-6.730607739343623663e-01,5.096023797657902588e-01,5.396796237595293810e-01,3.959803497921229876e-02,1.251134432321295009e-01,6.945802645861472169e-02,-4.156340005109327579e-02,4.730509638822239746e-05,1.361604617075195280e-05,-7.046383825615728320e-05,-6.888130341524601906e-05,1.533916866651705948e-05,-1.957598448923433105e-05,1.557883591967914529e-06,-2.725947365459724381e-03
5.668156565292335115e+06,-3.747862663806500379e+06,2.149824279397416394e+05,2.467292896301120891e+03,4.077757412305156322e+03,5.989657217139036220e+03,-6.977316946189200397e-01,4.815874370864659526e-01,5.341462893323991601e-01,3.918238962436233069e-02,1.251633789111308015e-01,7.146852565178149486e-02,-4.392891299826102991e-02,7.119908443220490082e-05,1.211872359269913182e-06,2.188586384397834866e-05,5.674639961021833188e-07,1.571555005528628329e-05,-1.921931948613598914e-05,3.383352931573914495e-06,-2.761420754193499860e-03
5.669389304769614711e+06,-3.745823185551158618e+06,2.179772219912788132e+05,2.463664881324547423e+03,4.080155391512198548e+03,5.989518669562730793e+03,-7.216464779089452053e-01,4.531544443183596060e-01,5.272472622830260969e-01,3.952998031528997397e-02,1.230291289444995495e-01,7.517779233169995246e-02,-4.443373328607555517e-02,-9.800311641667125548e-05,1.383780328114773397e-04,-3.322722489395798801e-05,6.335006482719753289e-05,1.595618715628185043e-05,-1.854856938796939001e-05,5.136235285485246583e-06,-2.794919167775855584e-03
5.670620230042263865e+06,-3.743782508632594254e+06,2.209719462898645143e+05,2.460036077975525586e+03,4.082552065069355194e+03,5.989378205340512977e+03,-7.442481477174985871e-01,4.242540349493925667e-01,5.198368460571998195e-01,4.016365964382678094e-02,1.213098091922370364e-01,7.447543153499726343e-02,-4.551662786335213678e-02,1.203949139928863393e-04,1.793356988758384703e-04,-8.134297562181502003e-05,-6.118948122649989208e-05,1.622225005961583434e-05,-1.788409638620176814e-05,6.805082166659509351e-06,-2.819436367917260711e-03
5.671849340716386214e+06,-3.741740633703822736e+06,2.239665998771869927e+05,2.456406487415273205e+03,4.084947432209690305e+03,5.989235824517331821e+03,-7.661353783711798426e-01,3.951267188089701010e-01,5.108377488700364122e-01,4.192501164795277985e-02,1.181799146085159569e-01,7.963864685602947691e-02,-4.675407068592755955e-02,6.100460613473019061e-05,2.735365870260721998e-05,7.109334049867089005e-05,4.351351665842618745e-05,1.627278887203949264e-05,-1.702756111861461729e-05,8.537218310356867588e-06,-2.846112080100660080e-03
5.673076636398667470e+06,-3.739697561418245081e+06,2.269611817949571123e+05,2.452776110805259577e+03,4.087341492166689022e+03,5.989091527138749370e+03,-7.871288972798771155e-01,3.655581508620843190e-01,5.007548321772430366e-01,4.356933335573706656e-02,1.181667783009537898e-01,8.101227981857685168e-02,-4.573625984436010400e-02,-1.284971948525233713e-04,2.828020222030965395e-05,5.507425575130507059e-05,-1.031227922834253077e-05,1.622377672230086742e-05,-1.614024478897490222e-05,1.026673538870775991e-05,-2.863390845645019667e-03
5.674302116696372628e+06,-3.737653292429644149e+06,2.299556910849087290e+05,2.449144949307204115e+03,4.089734244174250307e+03,5.988945313250939762e+03,-8.070489009975296835e-01,3.360867784974864714e-01,4.893157807331103282e-01,4.688353184688200115e-02,1.127287812824187135e-01,8.552610629924617403e-02,-4.898169483720822559e-02,4.831739991551191863e-05,4.796544886047133963e-05,1.458828444556954304e-04,-7.017245110341714469e-05,1.614736405619662666e-05,-1.499542807857837276e-05,1.189819916002942951e-05,-2.887302204186426025e-03
5.675525781217350625e+06,-3.735607827392186504e+06,2.329501267887988070e+05,2.445513004083078613e+03,4.092125687466694217e+03,5.988797182900690132e+03,-8.262195413592275939e-01,3.060273871536688950e-01,4.765906036227684495e-01,5.028814558895331605e-02,1.131909295821895561e-01,8.842570984623011887e-02,-4.883338143937567682e-02,1.085084686679551715e-05,4.440965413146335237e-06,-1.209282520019836166e-04,-1.323161695493662443e-04,1.596239557168814479e-05,-1.382594646550373255e-05,1.337767656047255326e-05,-2.907122300233710988e-03
5.676747629570025951e+06,-3.733561166960421018e+06,2.359444879484079720e+05,2.441880276295107706e+03,4.094515821278758722e+03,5.988647136135405162e+03,-8.442587843258567704e-01,2.757787449520527900e-01,4.628127389323211105e-01,5.459856633645364388e-02,1.104978046447370743e-01,9.087634293931333429e-02,-5.111019711602655946e-02,5.160052164234860020e-05,6.837748597776185186e-06,-2.083118413886547173e-04,5.045919346913186818e-05,1.557542433908035577e-05,-1.279223672284128425e-05,1.484117669969546462e-05,-2.928608825405465410e-03
5.677967661363409832e+06,-3.731513311789278872e+06,2.389387736055408604e+05,2.438246767105762046e+03,4.096904644845601979e+03,5.988495173003098898e+03,-8.610875520977859798e-01,2.463247659490162833e-01,4.475860225444033835e-01,5.967934095773000380e-02,1.047565230304354500e-01,9.417667355595160661e-02,-5.090438184239098884e-02,1.096806469071857076e-05,1.106630570604320569e-04,-1.405808337121511678e-04,6.166138294809321693e-05,1.519457053957083258e-05,-1.154015959563082538e-05,1.631249686368887352e-05,-2.948517419251839300e-03
5.679185876207090914e+06,-3.729464262534074485e+06,2.419329828020259447e+05,2.434612477677764673e+03,4.099292157402800513e+03,5.988341293552399293e+03,-8.769715236311759199e-01,2.162947083710067275e-01,4.312800181789774312e-01,6.491331700117751458e-02,1.052671956287806188e-01,9.647598757921545254e-02,-5.161788344263610467e-02,1.604995751012972340e-06,2.750596530253742236e-05,9.267653495481230526e-05,-6.331306772493065262e-05,1.463245579415517181e-05,-1.020368717166304593e-05,1.753378295504940643e-05,-2.966636590227000880e-03
5.680402273711243644e+06,-3.727414019850502722e+06,2.449271145797162608e+05,2.430977409174089644e+03,4.101678358186350124e+03,5.988185497832547298e+03,-8.919356571748697782e-01,1.868804553871404317e-01,4.132224593989763384e-01,6.988831773717329998e-02,1.023099257933802048e-01,1.006188244568965301e-01,-4.838611478032050356e-02,3.194274570780164031e-05,-6.984163011899876530e-05,1.772130870460680927e-04,7.997742349421931723e-05,1.397269623413477878e-05,-8.928428799093537745e-06,1.879292306121287950e-05,-2.976973187577725000e-03
5.681616853486613370e+06,-3.725362584394641221e+06,2.479211679804897576e+05,2.427341562757957490e+03,4.104063246432667256e+03,5.988027785893397777e+03,-9.055208218691769284e-01,1.581275301766663643e-01,3.941726867048969685e-01,7.611957995683843459e-02,9.658846783155787541e-02,1.026134936460321861e-01,-5.139806421458786162e-02,5.731198342457240148e-05,-5.174766745207219279e-05,6.312288696745608899e-05,9.871423565991241877e-05,1.308715848619101038e-05,-7.686101433239746317e-06,1.988124802516327529e-05,-2.993384887701289188e-03
5.682829615144539624e+06,-3.723309956822950393e+06,2.509151420462494134e+05,2.423704939592838855e+03,4.106446821378584900e+03,5.987868157785420408e+03,-9.183822830959484929e-01,1.288439760783827714e-01,3.735523729843524543e-01,8.121560475333682028e-02,9.934138026595799864e-02,1.065801585240156724e-01,-4.737006828811984871e-02,-6.054598815405713258e-05,1.142683587860227127e-04,9.931351832254452846e-05,-1.609722531971845489e-04,1.224250924231790963e-05,-6.238157845372332940e-06,2.089076682362608651e-05,-2.998933684403848332e-03
5.684040558296937495e+06,-3.721256137792270165e+06,2.539090358189234685e+05,2.420067540842454946e+03,4.108829082261358963e+03,5.987706613559696962e+03,-9.296759903906179900e-01,1.002210869258072512e-01,3.523620295331330032e-01,8.766517570722123787e-02,9.391983808006694467e-02,1.068033176639580917e-01,-5.154327342608122642e-02,4.381869333353552188e-05,9.921499973268754671e-06,2.697816934023992172e-05,7.282200235047935066e-05,1.125228055148488073e-05,-4.998200493705391089e-06,2.181343258715481726e-05,-3.013181988255508870e-03
5.685249682556308806e+06,-3.719201127959824167e+06,2.569028483404659783e+05,2.416429367670772535e+03,4.111210028318670084e+03,5.987543153267917660e+03,-9.399040895900104831e-01,7.236377472596609850e-02,3.298514951900019532e-01,9.352200100923344084e-02,9.102582484612090075e-02,1.096794164696195950e-01,-4.812196202804674278e-02,7.117162336744972738e-05,-1.702237701695340199e-06,-1.144403225449673877e-04,2.895751491291655575e-05,1.012971287570329652e-05,-3.626805686023766716e-06,2.258812270287978958e-05,-3.018181377297368684e-03
5.686456987535730004e+06,-3.717144927983214147e+06,2.598965786528569006e+05,2.412790421242006687e+03,4.113589658788614543e+03,5.987377776962395728e+03,-9.490141577177720889e-01,4.500277143569474114e-02,3.060742283108674466e-01,9.942972085237347657e-02,8.830304682199979771e-02,1.127709483808708446e-01,-4.770975099918892126e-02,1.271887053761402043e-04,3.284836460842126249e-05,-5.516034791321782794e-05,-1.281756259929023019e-04,8.985851147497022566e-06,-2.429136775040565102e-06,2.331118476517095772e-05,-3.023408853288556131e-03
5.687662472848866135e+06,-3.715087538520424161e+06,2.628902257981026778e+05,2.409150702720622576e+03,4.115967972909709715e+03,5.987210484696051026e+03,-9.568352631160293997e-01,1.830468504406206759e-02,2.813586546717705139e-01,1.058453592255035325e-01,8.457320035536367020e-02,1.145638253795155381e-01,-4.915874048441902511e-02,-2.223350917253828416e-04,-5.886481446384958478e-05,6.696856223466251309e-05,-1.426556919607340141e-04,7.546472585291413695e-06,-1.097238588147544944e-06,2.390435439118373376e-05,-3.033938962064386402e-03
5.688866138109960593e+06,-3.713028960229819175e+06,2.658837888182363240e+05,2.405510213271326847e+03,4.118344969920895892e+03,5.987041276522413682e+03,-9.633111243694557624e-01,-7.611520660617277119e-03,2.564221538118360288e-01,1.116584669125682688e-01,8.207272322170022782e-02,1.135149194035955239e-01,-4.654001719622422040e-02,7.902645001924352088e-05,3.265937581618984101e-05,-3.489558243402254433e-05,1.142910705109032217e-04,6.186065800825118910e-06,6.431739680252373490e-08,2.434408153232649300e-05,-3.034964893861236135e-03
5.690067982933841646e+06,-3.710969193770145532e+06,2.688772667553175124e+05,2.401868954059077168e+03,4.120720649061534459e+03,5.986870152495630464e+03,-9.687377085049689862e-01,-3.299657533259314074e-02,2.299936519095417686e-01,1.175490502527589132e-01,7.932146510861845523e-02,1.179166162169903720e-01,-4.680348116216772464e-02,-1.928637159114192172e-05,-1.465388290211913648e-05,-7.121080451495968768e-05,-5.370193819234484531e-06,4.654156672735219309e-06,1.106362872323695233e-06,2.455887483166449513e-05,-3.041377420177848734e-03
5.691268006935918704e+06,-3.708908239800528158e+06,2.718706586514334194e+05,2.398226926249076769e+03,4.123095009571408809e+03,5.986697112670462957e+03,-9.729749019414299926e-01,-5.809379306190511766e-02,2.028687164879365012e-01,1.226968436323323253e-01,7.871500349179376410e-02,1.194665331713966466e-01,-4.432435045824366371e-02,5.515245475525851822e-05,2.231071529665335813e-05,-1.579145728856688551e-04,-5.016561228822346435e-05,3.230628545362794515e-06,2.107881455684860373e-06,2.484575355971205992e-05,-3.042738888798135477e-03
5.692466209732186049e+06,-3.706846098980471492e+06,2.748639635486985208e+05,2.394584131006775806e+03,4.125468050690719792e+03,5.986522157102283018e+03,-9.760370618465495918e-01,-8.141804532836298403e-02,1.751728611031589389e-01,1.277107996969460424e-01,7.194982155932977408e-02,1.198815145127846843e-01,-4.308083617039754759e-02,-3.394260127138568083e-04,7.938255003894342170e-05,-8.932590870295278177e-06,6.166413542637134103e-05,1.538632328950477410e-06,3.168364747875032195e-06,2.482452315284799539e-05,-3.041230656344540151e-03
5.693662590939213522e+06,-3.704782771969860885e+06,2.778571804892555228e+05,2.390940569497867727e+03,4.127839771660096631e+03,5.986345285847075502e+03,-9.779745710571506878e-01,-1.048203910130216104e-01,1.460297220179346267e-01,1.324154572644119510e-01,7.209037768751275221e-02,1.248503126214132869e-01,-4.297145905509993508e-02,1.184231387338838316e-05,-1.092464189773132255e-05,-1.169460604830099119e-05,1.728244344830871739e-04,-8.227658592390808877e-08,4.050904137555891327e-06,2.480057015147310858e-05,-3.047465213143807361e-03
5.694857150174165145e+06,-3.702718259428960737e+06,2.808503085152750136e+05,2.387296242888291545e+03,4.130210171720590552e+03,5.986166498961441903e+03,-9.787815758517409703e-01,-1.266384255029226469e-01,1.163295109883098893e-01,1.367610222485433902e-01,6.631004376950781765e-02,1.256645973999719612e-01,-4.148192342348076128e-02,-3.475649798086305702e-06,-1.020254214434347835e-05,-1.085171225725279785e-04,-1.544111661433533842e-04,-1.751761596499086136e-06,4.947419126309995827e-06,2.455776961737678139e-05,-3.051317910124584643e-03
5.696049887054779567e+06,-3.700652562018415891e+06,2.838433466689559282e+05,2.383651152344232287e+03,4.132579250113672970e+03,5.985985796502597623e+03,-9.783937402411281292e-01,-1.481386460491572465e-01,8.606090367460191015e-02,1.403126652010578401e-01,6.572656932950191044e-02,1.275425814473955533e-01,-3.917961243347659051e-02,-2.115556381991876326e-04,8.072061385453286480e-05,-1.115953815242309952e-04,-2.242827984897449104e-04,-3.483731365746207177e-06,5.668738695818644540e-06,2.417818781579813582e-05,-3.054107126882144030e-03
5.697240801199381240e+06,-3.698585680399248842e+06,2.868362939925260143e+05,2.380005299032119183e+03,4.134947006081237305e+03,5.985803178528359240e+03,-9.766629481762497678e-01,-1.691623339500216983e-01,5.500210046648731227e-02,1.441839159053761033e-01,6.410686909849891424e-02,1.296948774414770078e-01,-4.147252429992102918e-02,-4.090342521481975317e-05,6.835425954159532453e-06,1.477309604745917027e-04,1.023735847824167218e-04,-5.109382833577981014e-06,6.477950134993524984e-06,2.368910407894494878e-05,-3.070226680168985922e-03
5.698429892226876691e+06,-3.696517615232862998e+06,2.898291495282424148e+05,2.376358684118625661e+03,4.137313438865602620e+03,5.985618645097168155e+03,-9.739121395705720996e-01,-1.892325834083318781e-01,2.380817177213990013e-02,1.463815525778185134e-01,6.137399606136509367e-02,1.305649707396764059e-01,-3.544057447492851565e-02,9.824080702834810108e-05,-5.206619469965504532e-05,-9.979309491801595009e-05,-2.199229864464128617e-04,-6.801385478563042129e-06,7.081508138057062455e-06,2.320290673369341419e-05,-3.073113437176866469e-03
5.699617159756761044e+06,-3.694448367181038484e+06,2.928219123183913180e+05,2.372711308770668438e+03,4.139678547709511804e+03,5.985432196268077860e+03,-9.699911486853156628e-01,-2.081759535696794117e-01,-7.886856106751322440e-03,1.484398595250336628e-01,5.760716522741363144e-02,1.318339395713260531e-01,-3.585184770498030249e-02,-2.728084621489823260e-05,8.264109372310929433e-05,-4.225278918328624714e-05,1.067197133446061487e-05,-8.384361999844996299e-06,7.578232362658050582e-06,2.239985699680389176e-05,-3.081933043775464398e-03
5.700802603409103118e+06,-3.692377936905935407e+06,2.958145814052885980e+05,2.369063174155406614e+03,4.142042331856130659e+03,5.985243832100746658e+03,-9.647828153358272152e-01,-2.269153282668468774e-01,-3.969571478378090823e-02,1.498471538946529180e-01,5.779281905710270673e-02,1.327222987434464319e-01,-3.420078038014905814e-02,1.199875516442322352e-04,1.484711606518031452e-05,-7.185157582148793106e-05,1.867300546992902661e-05,-1.005202886385068943e-05,8.109640312309538817e-06,2.155038526180204635e-05,-3.093610949828073942e-03
5.701986222804564983e+06,-3.690306325070090126e+06,2.988071558312803973e+05,2.365414281440243485e+03,4.144404790549046083e+03,5.985053552655456770e+03,-9.586387204642906612e-01,-2.443468715559551641e-01,-7.166251117376927493e-02,1.500275354243641446e-01,5.332877572823761791e-02,1.337934191428892805e-01,-3.040136696669655872e-02,8.932505398896315103e-05,4.784454461506916582e-05,1.130778851202935618e-04,6.496101226478492158e-05,-1.161040029430220553e-05,8.458139493085547331e-06,2.068487535976010113e-05,-3.099216709040231166e-03
5.703168017564389855e+06,-3.688233532336418983e+06,3.017996346387425438e+05,2.361764631792826094e+03,4.146765923032271530e+03,5.984861357993097045e+03,-9.514340058125880795e-01,-2.607022352349437910e-01,-1.036328306531530408e-01,1.497257821145394074e-01,5.011436581285742820e-02,1.339256843808065145e-01,-2.950692748302034124e-02,-8.668531084619928622e-05,9.957168760501010655e-05,-1.342360133936023150e-04,1.318577189922656896e-04,-1.310564103635916455e-05,8.660348025115186262e-06,1.951534496751937552e-05,-3.107149730006586452e-03
5.704347987310398370e+06,-3.686159559368215967e+06,3.047920168700820068e+05,2.358114226381040226e+03,4.149125728550245185e+03,5.984667248175167515e+03,-9.430781947004708288e-01,-2.763538168073876311e-01,-1.357780419454417131e-01,1.488653289455779405e-01,4.830656976055824892e-02,1.352119617700472953e-01,-2.854993314458982578e-02,-9.184192795530132829e-06,-1.173314842033327756e-04,1.159979624385201502e-04,-6.074725251405490613e-05,-1.457794642426020647e-05,8.995282404562314889e-06,1.837747983556029327e-05,-3.119355128363920926e-03
5.705526131665006280e+06,-3.684084406829153188e+06,3.077843015677364892e+05,2.354463066373017682e+03,4.151484206347829968e+03,5.984471223263783031e+03,-9.337531230746638489e-01,-2.910281588326167901e-01,-1.680162566718333972e-01,1.468315510621686082e-01,4.501535686015335769e-02,1.367847495280251624e-01,-2.535447698100073977e-02,-1.405907027266261916e-04,1.060286470794482465e-04,-4.520876833214408094e-05,-6.229583669846993374e-05,-1.591386842611795509e-05,9.260003997829434417e-06,1.711971641699014426e-05,-3.129232875619836207e-03
