x_x,x_y,x_z,v_x,v_y,v_z,q0,q1,q2,q3,w_x,w_y,w_z,W1,W2,W3,W4,B_x,B_y,B_z,S_x,S_y,S_z,P,I
5.582851561506193131e+06,-3.879779046628145967e+06,1.721555357276568611e+04,2.705349881647379334e+03,3.917139279991829881e+03,5.994001972841128008e+03,9.992862739364209990e-01,2.213124798569999011e-02,2.146475908166724234e-02,2.182692608742317977e-02,8.979947777934328690e-02,8.447020267360061396e-02,8.740475851471050939e-02,0.000000000000000000e+00,0.000000000000000000e+00,0.000000000000000000e+00,0.000000000000000000e+00,-6.650727013732515113e-06,1.143533803230297301e-06,2.389820797586303676e-05,-9.233186490399789559e-01,3.740703491581247597e-01,8.691401622124583781e-02,0.000000000000000000e+00,0.000000000000000000e+00
5.584203349738609977e+06,-3.877819860927501228e+06,2.021255165461980141e+04,2.701802905079653101e+03,3.919603315032733917e+03,5.993990036354299264e+03,9.971472580705165178e-01,4.487526500763027587e-02,4.221063176025083991e-02,4.360984842149898122e-02,9.230054337899271100e-02,8.164842133364402788e-02,8.739607225581950967e-02,0.000000000000000000e+00,0.000000000000000000e+00,0.000000000000000000e+00,0.000000000000000000e+00,-7.578665123404035322e-06,2.550250996135168322e-06,2.351282034794560113e-05,-9.084780765936479874e-01,4.167930372285418295e-01,3.084069497455032074e-02,0.000000000000000000e+00,0.000000000000000000e+00
5.585553364268425852e+06,-3.875859443520735484e+06,2.320954329089934254e+04,2.698255071425666756e+03,3.922066104338678997e+03,5.993976190543608027e+03,9.935890516003408335e-01,6.820393537781235804e-02,6.221870994635755880e-02,6.525221736864952882e-02,9.476401701962802737e-02,7.880851324880774889e-02,8.724090850665203178e-02,0.000000000000000000e+00,0.000000000000000000e+00,0.000000000000000000e+00,0.000000000000000000e+00,-8.392272369599353027e-06,4.004559022018545323e-06,2.303160799668814868e-05,-8.895177579750477292e-01,4.561789615529818209e-01,-2.566930625256051701e-02,0.000000000000000000e+00,0.000000000000000000e+00
5.586901604667376727e+06,-3.873897795030914713e+06,2.620652752694355513e+04,2.694706381814580709e+03,3.924527647126095871e+03,5.993960435413856430e+03,9.886215054326723539e-01,9.208474730035098865e-02,8.147523559842695384e-02,8.665855003891984043e-02,9.718464818832599217e-02,7.595807921137043284e-02,8.694036594362139492e-02,0.000000000000000000e+00,0.000000000000000000e+00,0.000000000000000000e+00,0.000000000000000000e+00,-9.087498850105096973e-06,5.494437146649681187e-06,2.245617503560052561e-05,-8.667763559502631443e-01,4.918378643858577481e-01,-8.242732509272403252e-02,0.000000000000000000e+00,0.000000000000000000e+00
5.588248070507767610e+06,-3.871934916081492789e+06,2.920350340809426780e+04,2.691156837375871874e+03,3.926987942611896869e+03,5.993942770970573292e+03,9.822581236255075732e-01,1.164809454038194386e-01,9.997157547385115972e-02,1.077351011825103538e-01,9.955760506997290982e-02,7.310486825329860772e-02,8.649611727589760768e-02,0.000000000000000000e+00,0.000000000000000000e+00,0.000000000000000000e+00,0.000000000000000000e+00,-9.661739047578334663e-06,7.007304994272700488e-06,2.178829665820520198e-05,-8.406246990269302666e-01,5.234131451725388962e-01,-1.392436528049791622e-01,0.000000000000000000e+00,0.000000000000000000e+00
5.589592761362469755e+06,-3.869970807296316605e+06,3.220046997969624863e+04,2.687606439239346855e+03,3.929446990013487721e+03,5.993923197220027760e+03,9.745159322341830910e-01,1.413517173361417412e-01,1.177041484782017783e-01,1.283905107820906832e-01,1.018784982107830972e-01,7.025672166085344950e-02,8.591038515040497203e-02,0.000000000000000000e+00,0.000000000000000000e+00,0.000000000000000000e+00,0.000000000000000000e+00,-1.011384299882417488e-05,8.530185428359754538e-06,2.102993540399537872e-05,-8.114601669299902342e-01,5.505861909172788948e-01,-1.959266287597329625e-01,0.000000000000000000e+00,0.000000000000000000e+00
5.590935676804914139e+06,-3.868005469299623277e+06,3.519742628709758719e+04,2.684055188535139223e+03,3.931904788548777105e+03,5.993901714169246588e+03,9.654153182068956340e-01,1.666524110246555279e-01,1.346743068287427347e-01,1.485364209591219509e-01,1.041433980892099709e-01,6.742151728419686074e-02,8.518591190429836146e-02,0.000000000000000000e+00,0.000000000000000000e+00,0.000000000000000000e+00,0.000000000000000000e+00,-1.044410340414234701e-05,1.004987032024594367e-05,2.018326274228713835e-05,-7.797007005494677179e-01,5.730800237936486408e-01,-2.522817946094015329e-01,0.000000000000000000e+00,0.000000000000000000e+00
5.592276816409099847e+06,-3.866038902716042474e+06,3.819437137565008743e+04,2.680503086393716330e+03,3.934361337436186659e+03,5.993878321826025058e+03,9.549798415039379984e-01,1.923347788363290178e-01,1.508881729990241283e-01,1.680880555545531396e-01,1.063488464127487210e-01,6.460711509842854972e-02,8.432592387505918885e-02,0.000000000000000000e+00,0.000000000000000000e+00,0.000000000000000000e+00,0.000000000000000000e+00,-1.065421910987116000e-05,1.155308585021786418e-05,1.925068494790857911e-05,-7.457785563929025807e-01,5.906622211180611037e-01,-3.081111574876783110e-01,0.000000000000000000e+00,0.000000000000000000e+00
5.593616179749591276e+06,-3.864071108170592226e+06,4.119130429070961691e+04,2.676950133945885227e+03,3.936816635894655974e+03,5.993853020198933336e+03,9.432360240453273592e-01,2.183472446128366384e-01,1.663564350943343151e-01,1.869647566143137762e-01,1.084918611023642510e-01,6.182130490598267136e-02,8.333409108129379017e-02,0.000000000000000000e+00,0.000000000000000000e+00,0.000000000000000000e+00,0.000000000000000000e+00,-1.074723595090552434e-05,1.302665415775081062e-05,1.823487208545838454e-05,-7.101339300991682535e-01,6.031470825824103432e-01,-3.632126072897757241e-01,0.000000000000000000e+00,0.000000000000000000e+00
5.594953766401518136e+06,-3.862102086288683116e+06,4.418822407763657975e+04,2.673396332322789931e+03,3.939270683143650785e+03,5.993825809297323758e+03,9.302131194141411985e-01,2.446351894052130604e-01,1.810941039048647172e-01,2.050904729756664879e-01,1.105699350643956774e-01,5.907175698085505300e-02,8.221448316261185940e-02,0.000000000000000000e+00,0.000000000000000000e+00,0.000000000000000000e+00,0.000000000000000000e+00,-1.072746645067614008e-05,1.445764841870252611e-05,1.713878880764566767e-05,-6.732085740826113662e-01,6.103970397326863306e-01,-4.173795271299621801e-01,0.000000000000000000e+00,0.000000000000000000e+00
5.596289575940575451e+06,-3.860131837696113624e+06,4.718512978179621859e+04,2.669841682655914610e+03,3.941723478403162972e+03,5.993796689131337189e+03,9.159428674530079029e-01,2.711412516915686077e-01,1.951202353805032153e-01,2.223941971773278903e-01,1.125810289781533219e-01,5.636597634702432413e-02,8.097152251334914508e-02,0.000000000000000000e+00,0.000000000000000000e+00,0.000000000000000000e+00,0.000000000000000000e+00,-1.060039032789203108e-05,1.583353876276836889e-05,1.596572561046727401e-05,-6.354395314565114417e-01,6.123233215226075998e-01,-4.704006290194038264e-01,0.000000000000000000e+00,0.000000000000000000e+00
5.597623607943022624e+06,-3.858160363019074779e+06,5.018202044855901477e+04,2.666286186077078128e+03,3.944175020893712372e+03,5.993765659711897570e+03,9.004592379887006448e-01,2.978056379233540163e-01,2.084576226586768166e-01,2.388103479696084275e-01,1.145235584421044756e-01,5.371126126152082902e-02,7.960993556244892744e-02,0.000000000000000000e+00,0.000000000000000000e+00,0.000000000000000000e+00,0.000000000000000000e+00,-1.037253813971745953e-05,1.714232683735751484e-05,1.471932917391600228e-05,-5.972531023885518930e-01,6.088859067670800984e-01,-5.220600389109292250e-01,0.000000000000000000e+00,0.000000000000000000e+00
5.598955861985689029e+06,-3.856187662884145044e+06,5.317889512330114667e+04,2.662729843718441316e+03,3.946625309836344059e+03,5.993732721050717373e+03,8.837981679089282894e-01,3.245664394019024956e-01,2.211324620498139881e-01,2.542790967472171593e-01,1.163963759194813485e-01,5.111466634198067599e-02,7.813470314182757726e-02,0.000000000000000000e+00,0.000000000000000000e+00,0.000000000000000000e+00,0.000000000000000000e+00,-1.005136069126602832e-05,1.837266725593371977e-05,1.340363044963144157e-05,-5.590591497476146143e-01,6.000928097188860111e-01,-5.721376467312454528e-01,0.000000000000000000e+00,0.000000000000000000e+00
5.600286337645967491e+06,-3.854213737918293104e+06,5.617575285140485357e+04,2.659172656712496973e+03,3.949074344452627429e+03,5.993697873160281233e+03,8.659972957042859631e-01,3.513599517257090521e-01,2.331739975436028511e-01,2.687466372360908795e-01,1.181987480032244270e-01,4.858297064426687212e-02,7.655101085039600628e-02,0.000000000000000000e+00,0.000000000000000000e+00,0.000000000000000000e+00,0.000000000000000000e+00,-9.645087056592679798e-06,1.951397462113732607e-05,1.202306923262856823e-05,-5.212458398035154650e-01,5.859987571221740854e-01,-6.204097284366155707e-01,0.000000000000000000e+00,0.000000000000000000e+00
5.601615034501818009e+06,-3.852238588748876471e+06,5.917259267825876304e+04,2.655614626192067135e+03,3.951522123964648472e+03,5.993661116053845035e+03,8.470956973881664798e-01,3.781209933563615677e-01,2.446141484473660366e-01,2.821653987097361704e-01,1.199303285792688023e-01,4.612265086263442337e-02,7.486420026382133164e-02,0.000000000000000000e+00,0.000000000000000000e+00,0.000000000000000000e+00,0.000000000000000000e+00,-9.162574185845892850e-06,2.055651526767523522e-05,1.058251406768148057e-05,-4.841749001833082766e-01,5.667033251931635762e-01,-6.666498385565656770e-01,0.000000000000000000e+00,0.000000000000000000e+00
5.602941952131764032e+06,-3.850262216003641952e+06,6.216941364925837115e+04,2.652055753290298071e+03,3.953968647595004313e+03,5.993622449745425911e+03,8.271336274318032977e-01,4.047832202122735312e-01,2.554871247133473910e-01,2.944942038679122520e-01,1.215911285061025554e-01,4.373985969725691786e-02,7.307972176493592043e-02,0.000000000000000000e+00,0.000000000000000000e+00,0.000000000000000000e+00,0.000000000000000000e+00,-8.613151119532152895e-06,2.149148331056161736e-05,9.087276485665557352e-06,-4.481774630753699862e-01,5.423486114787600121e-01,-7.106299636367624517e-01,0.000000000000000000e+00,0.000000000000000000e+00
5.604267090114901774e+06,-3.848284620310724713e+06,6.516621480980632623e+04,2.648496039140656194e+03,3.956413914566792755e+03,5.993581874249785869e+03,8.061522680155732701e-01,4.312794335990163264e-01,2.658290343653502141e-01,3.056983732639813600e-01,1.231814824479474241e-01,4.144040931536761146e-02,7.120308968064741062e-02,0.000000000000000000e+00,0.000000000000000000e+00,0.000000000000000000e+00,0.000000000000000000e+00,-8.006460799597807176e-06,2.231106099644438324e-05,7.543118734067911948e-06,-4.135505462843618862e-01,5.131165207037848841e-01,-7.521219195374831967e-01,0.000000000000000000e+00,0.000000000000000000e+00
5.605590448030886240e+06,-3.846305802298647352e+06,6.816299520531285089e+04,2.644935484876920782e+03,3.958857924103605455e+03,5.993539389582417243e+03,7.841934895169396791e-01,4.575418792080220842e-01,2.756774872100594687e-01,3.157497788052822663e-01,1.247020135002401969e-01,3.922975972569024694e-02,6.923984031259480809e-02,0.000000000000000000e+00,0.000000000000000000e+00,0.000000000000000000e+00,0.000000000000000000e+00,-7.352302366321476326e-06,2.300846372773198919e-05,5.956254351532928721e-06,-3.805542093433401662e-01,4.792257449176505202e-01,-7.908989689961596348e-01,0.000000000000000000e+00,0.000000000000000000e+00
5.606912025459947065e+06,-3.844325762596322689e+06,7.115975388119615673e+04,2.641374091633175340e+03,3.961300675429510193e+03,5.993494995759530866e+03,7.612996247455185994e-01,4.835025353475818632e-01,2.850711987291167371e-01,3.246268493669884347e-01,1.261535962313162507e-01,3.711301179333693218e-02,6.719549334484825609e-02,0.000000000000000000e+00,0.000000000000000000e+00,0.000000000000000000e+00,0.000000000000000000e+00,-6.660476669655423059e-06,2.357797045212985798e-05,4.333341131413882212e-06,-3.494094070291096643e-01,4.409285167940833472e-01,-8.267376303019814410e-01,0.000000000000000000e+00,0.000000000000000000e+00
5.608231821982877329e+06,-3.842344501833049115e+06,7.415648988288259716e+04,2.637811860543802140e+03,3.963742167769044954e+03,5.993448692798034244e+03,7.375132590115086595e-01,5.090933889985495009e-01,2.940495977098319669e-01,3.323145319526080721e-01,1.275373187357271287e-01,3.509490454522678354e-02,6.507551700658165128e-02,0.000000000000000000e+00,0.000000000000000000e+00,0.000000000000000000e+00,0.000000000000000000e+00,-5.940637514537150871e-06,2.401494037803987320e-05,2.681466216937595937e-06,-3.202965479136885563e-01,3.985072117204769837e-01,-8.594196434811953722e-01,0.000000000000000000e+00,0.000000000000000000e+00
5.609549837181038223e+06,-3.840362020638514310e+06,7.715320225580733677e+04,2.634248792743473132e+03,3.966182400347200200e+03,5.993400480715511549e+03,7.128770376885467108e-01,5.342466987009276691e-01,3.026524408006184830e-01,3.388042121063298273e-01,1.288544442551214642e-01,3.317981635487478320e-02,6.288529726432792732e-02,0.000000000000000000e+00,0.000000000000000000e+00,0.000000000000000000e+00,0.000000000000000000e+00,-5.202150913109854306e-06,2.431581718590244262e-05,1.008123264520707825e-06,-2.933547526501752434e-01,3.522708686812586198e-01,-8.887340570587501931e-01,0.000000000000000000e+00,0.000000000000000000e+00
5.610866070636357181e+06,-3.838378319642791990e+06,8.014989004541431495e+04,2.630684889367141750e+03,3.968621372389407043e+03,5.993350359530207243e+03,6.874334925176575073e-01,5.588952436673346735e-01,3.109194367864626662e-01,3.440935974402828945e-01,1.301063728748524106e-01,3.137176954999222611e-02,6.063011122007771342e-02,0.000000000000000000e+00,0.000000000000000000e+00,0.000000000000000000e+00,0.000000000000000000e+00,-4.453964343880513598e-06,2.447812205637792902e-05,-6.788182033565460578e-07,-2.686817942337881848e-01,3.025516934254195434e-01,-9.144793962975454882e-01,0.000000000000000000e+00,0.000000000000000000e+00
5.612180521931331605e+06,-3.836393399476343766e+06,8.314655229715687165e+04,2.627120151550033825e+03,3.971059083121520871e+03,5.993298329261000617e+03,6.612248875050323882e-01,5.829725588780676482e-01,3.188898829835676296e-01,3.481865681927459599e-01,1.312946037511653341e-01,2.967443795604434928e-02,5.831510480041997985e-02,0.000000000000000000e+00,0.000000000000000000e+00,0.000000000000000000e+00,0.000000000000000000e+00,-3.704487729093695947e-06,2.450043692993237883e-05,-2.371150962938667561e-06,-2.463346923020410806e-01,2.497015992581388955e-01,-9.364658726811065925e-01,0.000000000000000000e+00,0.000000000000000000e+00
5.613493190649023280e+06,-3.834407260770018678e+06,8.614318805649786373e+04,2.623554580427331530e+03,3.973495531769228819e+03,5.993244389926603617e+03,6.342930849005109506e-01,6.064131562347551130e-01,3.266023157628473172e-01,3.510929986928550406e-01,1.324206982663231336e-01,2.809115687364138053e-02,5.594527474004425821e-02,0.000000000000000000e+00,0.000000000000000000e+00,0.000000000000000000e+00,0.000000000000000000e+00,-2.961487546487811221e-06,2.438237945239295988e-05,-4.060375324344711888e-06,-2.263309240496817476e-01,1.940888324675920373e-01,-9.545175943533907859e-01,0.000000000000000000e+00,0.000000000000000000e+00
5.614804076373063959e+06,-3.832419904155052733e+06,8.913979636890662368e+04,2.619988177129150699e+03,3.975930717548650591e+03,5.993188541532699674e+03,6.066794314138154176e-01,6.291527321240709680e-01,3.340941768403815626e-01,3.528285534952841918e-01,1.334862443438946389e-01,2.662493507933863177e-02,5.352545481026654839e-02,0.000000000000000000e+00,0.000000000000000000e+00,0.000000000000000000e+00,0.000000000000000000e+00,-2.231995198150886770e-06,2.412457105240080904e-05,-5.737750854121848401e-06,-2.086502071882195830e-01,1.360947202718154614e-01,-9.684747380053077004e-01,0.000000000000000000e+00,0.000000000000000000e+00
5.616113178687646054e+06,-3.830431330263076816e+06,9.213637627985657309e+04,2.616420942789513447e+03,3.978364639683083624e+03,5.993130784094862065e+03,5.784246645356263539e-01,6.511283619696188740e-01,3.414014966274796503e-01,3.534144617812436384e-01,1.344928223631729758e-01,2.527846823570167878e-02,5.106030614054440919e-02,0.000000000000000000e+00,0.000000000000000000e+00,0.000000000000000000e+00,0.000000000000000000e+00,-1.522230473916694116e-06,2.372859954558261770e-05,-7.394353886866541489e-06,-1.932368041052210939e-01,7.611057038139078246e-02,-9.781956443449438821e-01,0.000000000000000000e+00,0.000000000000000000e+00
5.617420497177536599e+06,-3.828441539726105984e+06,9.513292683483114524e+04,2.612852878544860687e+03,3.980797297400264142e+03,5.993071117634792245e+03,5.495688385474880588e-01,6.722786826306380581e-01,3.485585956106730943e-01,3.528772732890205210e-01,1.354419731455017983e-01,2.405415299519321481e-02,4.855431140245308058e-02,0.000000000000000000e+00,0.000000000000000000e+00,0.000000000000000000e+00,0.000000000000000000e+00,-8.375406774510667380e-07,2.319697757124878295e-05,-9.021140038560859992e-06,-1.800022919611773964e-01,1.453474234126153619e-02,-9.835588015740575063e-01,0.000000000000000000e+00,0.000000000000000000e+00
5.618726031428063288e+06,-3.826450533176541328e+06,9.812944707932470192e+04,2.609283985531903909e+03,3.983228689928356289e+03,5.993009542174829221e+03,5.201512696025257787e-01,6.925440636011971351e-01,3.555978044616650569e-01,3.512485988066930132e-01,1.363351677373113857e-01,2.295410172355543538e-02,4.601177271143314096e-02,0.000000000000000000e+00,0.000000000000000000e+00,0.000000000000000000e+00,0.000000000000000000e+00,-1.823557298330098584e-07,2.253309804967274692e-05,-1.060901085940582374e-05,-1.688287403612051818e-01,-4.823009738975451988e-02,-9.844646840460167247e-01,0.000000000000000000e+00,0.000000000000000000e+00
5.620029781025127508e+06,-3.824458311247170437e+06,1.011259360588430864e+05,2.605714264887619265e+03,3.985658816495941210e+03,5.992946057737936826e+03,4.902104990862951595e-01,7.118667680582854151e-01,3.625492033427455962e-01,3.485648379790443063e-01,1.371737792875396822e-01,2.198015729495932796e-02,4.343681297174534217e-02,0.000000000000000000e+00,0.000000000000000000e+00,0.000000000000000000e+00,0.000000000000000000e+00,4.398406683021198582e-07,2.174118770830199031e-05,-1.214888371096760580e-05,-1.595722356618104742e-01,-1.117795320519480995e-01,-9.808374166089602886e-01,0.000000000000000000e+00,0.000000000000000000e+00
5.621331745555200614e+06,-3.822464874571167398e+06,1.041223928189037251e+05,2.602143717749238021e+03,3.988087676331998409e+03,5.992880664347676429e+03,4.597842743140445609e-01,7.301911049098988027e-01,3.694403806764360865e-01,3.448668968306738969e-01,1.379590571489433815e-01,2.113390754429862392e-02,4.083338038590169500e-02,0.000000000000000000e+00,0.000000000000000000e+00,0.000000000000000000e+00,0.000000000000000000e+00,1.026523946483093466e-06,2.082625956848001172e-05,-1.363176392122538230e-05,-1.520666903751270727e-01,-1.757097653079630062e-01,-9.726262386208670563e-01,0.000000000000000000e+00,0.000000000000000000e+00
5.622631924605318345e+06,-3.820470223782090005e+06,1.071188164050359046e+05,2.598572345254239281e+03,3.990515268665896656e+03,5.992813362028196934e+03,4.289095455051261108e-01,7.474635730393281996e-01,3.762962114962992155e-01,3.401998970714122383e-01,1.386921032801684273e-01,2.041669901744869176e-02,3.820525583846225842e-02,0.000000000000000000e+00,0.000000000000000000e+00,0.000000000000000000e+00,0.000000000000000000e+00,1.576125966663322509e-06,1.979406511720840602e-05,-1.504881825667029356e-05,-1.461278754030737037e-01,-2.396198142558244315e-01,-9.598067454681635802e-01,0.000000000000000000e+00,0.000000000000000000e+00
5.623930317763085477e+06,-3.818474359513880685e+06,1.101152058627811784e+05,2.595000148540342707e+03,3.992941592727376701e+03,5.992744150804207493e+03,3.976224778875149801e-01,7.636329989533470197e-01,3.831386553858635580e-01,3.346128789171493034e-01,1.393738510021542421e-01,1.982964969892303184e-02,3.555606285530006627e-02,0.000000000000000000e+00,0.000000000000000000e+00,0.000000000000000000e+00,0.000000000000000000e+00,2.088017208245389166e-06,1.865104671663270680e-05,-1.639144875225562027e-05,-1.415576136783284200e-01,-3.031135379461006307e-01,-9.423818892166249128e-01,0.000000000000000000e+00,0.000000000000000000e+00
5.625226924616677687e+06,-3.816477282400869764e+06,1.131115602376935713e+05,2.591427128745501250e+03,3.995366647746541730e+03,5.992673030700966592e+03,3.659584777209353712e-01,7.786506690233546690e-01,3.899865739426101041e-01,3.281584988357958421e-01,1.400050461455048523e-01,1.937366043597387941e-02,3.288927983567265650e-02,0.000000000000000000e+00,0.000000000000000000e+00,0.000000000000000000e+00,0.000000000000000000e+00,2.562474476335191458e-06,1.740429063223014676e-05,-1.765136595595769055e-05,-1.381480744923773984e-01,-3.658015184757869021e-01,-9.203827239767471413e-01,0.000000000000000000e+00,0.000000000000000000e+00
5.626521744754840620e+06,-3.814478993077769876e+06,1.161078785753398843e+05,2.587853287007892050e+03,3.997790432953843265e+03,5.992600001744257497e+03,3.339522309817046231e-01,7.924704574622194464e-01,3.968555676713894087e-01,3.208927233207107266e-01,1.405862306145152507e-01,1.904942481815536173e-02,3.020825425450086518e-02,0.000000000000000000e+00,0.000000000000000000e+00,0.000000000000000000e+00,0.000000000000000000e+00,3.000634906546217989e-06,1.606148089344749377e-05,-1.882066067319063411e-05,-1.356861091601838376e-01,-4.273028146692028351e-01,-8.938688854394404304e-01,0.000000000000000000e+00,0.000000000000000000e+00
5.627814777766886167e+06,-3.812479492179680150e+06,1.191041599212999572e+05,2.584278624465913708e+03,4.000212947580067521e+03,5.992525063960380976e+03,3.016377534219119583e-01,8.050489511077622007e-01,4.037578322132858166e-01,3.128745195079042918e-01,1.411177283880462874e-01,1.885743731126657274e-02,2.751621853501720269e-02,0.000000000000000000e+00,0.000000000000000000e+00,0.000000000000000000e+00,0.000000000000000000e+00,3.404437157354528996e-06,1.463085404156734056e-05,-1.989187333554836619e-05,-1.339575706163537994e-01,-4.872466102954234324e-01,-8.629287977754506178e-01,0.000000000000000000e+00,0.000000000000000000e+00
5.629106023242696188e+06,-3.810478780342081562e+06,1.221004033211668575e+05,2.580703142258179923e+03,4.002634190856327677e+03,5.992448217376133471e+03,2.690484506960069688e-01,8.163455719884747941e-01,4.107020338480956712e-01,3.041655431930546660e-01,1.415996339767435497e-01,1.879799948417547328e-02,2.481630729638635222e-02,0.000000000000000000e+00,0.000000000000000000e+00,0.000000000000000000e+00,0.000000000000000000e+00,3.776550785888390245e-06,1.312115467210958801e-05,-2.085806016671546412e-05,-1.327515609864106938e-01,-5.452737796745995569e-01,-8.276796048321158894e-01,0.000000000000000000e+00,0.000000000000000000e+00
5.630395480772722512e+06,-3.808476858200842980e+06,1.250966078205472440e+05,2.577126841523511303e+03,4.005054162014051599e+03,5.992369462018798004e+03,2.362171872356729763e-01,8.263226985297824623e-01,4.176932042671181455e-01,2.948298245734189971e-01,1.420318033594092644e-01,1.887122420621691748e-02,2.211157568612890159e-02,0.000000000000000000e+00,0.000000000000000000e+00,0.000000000000000000e+00,0.000000000000000000e+00,4.120294897474695668e-06,1.154159154590341389e-05,-2.171285537439396031e-05,-1.318645536882147307e-01,-6.010383935637978459e-01,-7.882668259814422651e-01,0.000000000000000000e+00,0.000000000000000000e+00
5.631683149947987869e+06,-3.806473726392215583e+06,1.280927724650614546e+05,2.573549723400931271e+03,4.007472860284976377e+03,5.992288797916126896e+03,2.031763625458675726e-01,8.349457861213015475e-01,4.247326546933971603e-01,2.849334518409721850e-01,1.424138474278146826e-01,1.907703773171472161e-02,1.940501851245242035e-02,0.000000000000000000e+00,0.000000000000000000e+00,0.000000000000000000e+00,0.000000000000000000e+00,4.439547245481964902e-06,9.901793926488017180e-06,-2.245052865944613174e-05,-1.311043382553658820e-01,-6.542091872979158840e-01,-7.448637403885512986e-01,0.000000000000000000e+00,0.000000000000000000e+00
5.632969030360082164e+06,-3.804469385552833788e+06,1.310888963003438548e+05,2.569971789029666070e+03,4.009890284901134692e+03,5.992206225096337221e+03,1.699579935884656945e-01,8.421834876082359145e-01,4.318179095241493903e-01,2.745442525889132956e-01,1.427451279779547444e-01,1.941517962685495105e-02,1.669958989632782526e-02,0.000000000000000000e+00,0.000000000000000000e+00,0.000000000000000000e+00,0.000000000000000000e+00,4.738645037956764835e-06,8.211767703791227172e-06,-2.306603740104014972e-05,-1.302937387121945179e-01,-7.044710114384638011e-01,-6.976705065396315852e-01,0.000000000000000000e+00,0.000000000000000000e+00
5.634253121601166204e+06,-3.802463836319717579e+06,1.340849783720430278e+05,2.566393039549135210e+03,4.012306435094852986e+03,5.992121743588094432e+03,1.365938019129984971e-01,8.480077740942590925e-01,4.389426597798510854e-01,2.637314728659482244e-01,1.430247562957264185e-01,1.988520053285443637e-02,1.399822316692458588e-02,0.000000000000000000e+00,0.000000000000000000e+00,0.000000000000000000e+00,0.000000000000000000e+00,5.022278782835174141e-06,6.481850786924590383e-06,-2.355507294847053413e-05,-1.292740583466362725e-01,-7.515262826498189108e-01,-6.469130268630668423e-01,0.000000000000000000e+00,0.000000000000000000e+00
5.635535423263970762e+06,-3.800457079330270179e+06,1.370810177258220501e+05,2.562813476098954197e+03,4.014721310098745107e+03,5.992035353420514184e+03,1.031153041850688262e-01,8.523940562498655282e-01,4.460967367611088363e-01,2.525654536230396707e-01,1.432515943952489545e-01,2.048645779837243372e-02,1.130385072658782360e-02,0.000000000000000000e+00,0.000000000000000000e+00,0.000000000000000000e+00,0.000000000000000000e+00,5.295380575272759533e-06,4.722667194003805628e-06,-2.391410052577088593e-05,-1.279082061215786603e-01,-7.950964492839626141e-01,-5.928415700191702609e-01,0.000000000000000000e+00,0.000000000000000000e+00
5.636815934941795655e+06,-3.798449115222277585e+06,1.400770134073585505e+05,2.559233099818928167e+03,4.017134909145705478e+03,5.991947054623145959e+03,6.955390475133110817e-02,8.553213061101961889e-01,4.532661064325308464e-01,2.411173042468842675e-01,1.434242589775015231e-01,2.121810905364068453e-02,8.619423612823265413e-03,0.000000000000000000e+00,0.000000000000000000e+00,0.000000000000000000e+00,0.000000000000000000e+00,5.563008299474716723e-06,2.945079235596603563e-06,-2.414039233362905428e-05,-1.260834627845272005e-01,-8.349234822185112037e-01,-5.357291659527025907e-01,0.000000000000000000e+00,0.000000000000000000e+00
5.638094656228510663e+06,-3.796439944633911364e+06,1.430729644623452041e+05,2.555651911849053704e+03,4.019547231468910468e+03,5.991856847225979436e+03,3.594098886526169573e-02,8.567721791209059745e-01,4.604328851666847355e-01,2.294585728642190570e-01,1.435411281845809517e-01,2.207910383902986565e-02,5.947930484842124492e-03,0.000000000000000000e+00,0.000000000000000000e+00,0.000000000000000000e+00,0.000000000000000000e+00,5.830227283348394465e-06,1.160137181936369303e-06,-2.423205351399421495e-05,-1.237138470571053084e-01,-8.707713970210538834e-01,-4.758697911995819485e-01,0.000000000000000000e+00,0.000000000000000000e+00
5.639371586718554609e+06,-3.794429568203723989e+06,1.460688699364896165e+05,2.552069913329513838e+03,4.021958276301812930e+03,5.991764731259435393e+03,2.308015180795109852e-03,8.567331359511733968e-01,4.675753775850189364e-01,2.176609131319182655e-01,1.436003512296303852e-01,2.306817344183760207e-02,3.292415761359258116e-03,0.000000000000000000e+00,0.000000000000000000e+00,0.000000000000000000e+00,0.000000000000000000e+00,6.101991006711114618e-06,-6.209741765052847882e-07,-2.418804072573957638e-05,-1.207420458212028480e-01,-9.024278084602546102e-01,-4.135763640351473036e-01,0.000000000000000000e+00,0.000000000000000000e+00
5.640646726006937213e+06,-3.792417986570652109e+06,1.490647288755148475e+05,2.548487105400681685e+03,4.024368042878145843e+03,5.991670706754370258e+03,-3.131339389763278247e-02,8.551945633413865488e-01,4.746681373203053278e-01,2.057957473001295612e-01,1.435998609833217254e-01,2.418381913696988558e-02,6.559966349455280659e-04,0.000000000000000000e+00,0.000000000000000000e+00,0.000000000000000000e+00,0.000000000000000000e+00,6.383022521375293595e-06,-2.386992619309498837e-06,-2.400817316448741962e-05,-1.171408751430980388e-01,-9.297055129994485911e-01,-3.491785710337066972e-01,0.000000000000000000e+00,0.000000000000000000e+00
5.641920073689241894e+06,-3.790405200374016538e+06,1.520605403251594398e+05,2.544903489203121808e+03,4.026776530431919582e+03,5.991574773742077014e+03,-6.489136543828236126e-02,8.521508929918295561e-01,4.816820515906202749e-01,1.939339254494528153e-01,1.435373895936880584e-01,2.542429906974085982e-02,-1.958121313131775017e-03,0.000000000000000000e+00,0.000000000000000000e+00,0.000000000000000000e+00,0.000000000000000000e+00,6.677698292220977957e-06,-4.126639708042919217e-06,-2.369313594589270798e-05,-1.129142432907771776e-01,-9.524440891208907356e-01,-2.830205483012635526e-01,0.000000000000000000e+00,0.000000000000000000e+00
5.643191629361618310e+06,-3.788391210253519472e+06,1.550563033311760228e+05,2.541319065873225099e+03,4.029183738188875395e+03,5.991476932242746443e+03,-9.839369422223098738e-02,8.476007172282238322e-01,4.885844505167696306e-01,1.821453809590820039e-01,1.434104871938666204e-01,2.678761406843342685e-02,-4.546630282298023788e-03,0.000000000000000000e+00,0.000000000000000000e+00,0.000000000000000000e+00,0.000000000000000000e+00,6.989936209777598415e-06,-5.828686489631428544e-06,-2.324447585896443198e-05,-1.080975910483185226e-01,-9.705114994208644541e-01,-2.154584421678944206e-01,0.000000000000000000e+00,0.000000000000000000e+00
5.644461392620782368e+06,-3.786376016849256586e+06,1.580520169393233082e+05,2.537733836545146005e+03,4.031589665370230705e+03,5.991377182270538469e+03,-1.317877674362662455e-01,8.415468998726503003e-01,4.953392421797911394e-01,1.704987824755543890e-01,1.432165437165156818e-01,2.827149273859250189e-02,-7.106108763854539385e-03,0.000000000000000000e+00,0.000000000000000000e+00,0.000000000000000000e+00,0.000000000000000000e+00,7.323089554852056952e-06,-7.482023931543094859e-06,-2.266458958403428549e-05,-1.027577895543273501e-01,-9.838056724384107721e-01,-1.468578753894898281e-01,0.000000000000000000e+00,0.000000000000000000e+00
5.645729363064019009e+06,-3.784359620801706333e+06,1.610476801953734830e+05,2.534147802360811056e+03,4.033994311212305092e+03,5.991275523860071189e+03,-1.650404973006038833e-01,8.339966805579418496e-01,5.019070742432711896e-01,1.590611828626431468e-01,1.429528140038096862e-01,2.987337611820986907e-02,-9.633011247647763758e-03,0.000000000000000000e+00,0.000000000000000000e+00,0.000000000000000000e+00,0.000000000000000000e+00,7.679848706460253995e-06,-9.075738178037288495e-06,-2.195670455801621221e-05,-9.699248227468705574e-02,-9.922560362264428724e-01,-7.759134587299514052e-02,0.000000000000000000e+00,0.000000000000000000e+00
5.646995540289189667e+06,-3.782342022751727607e+06,1.640432921451162256e+05,2.530560964462540596e+03,4.036397674952103444e+03,5.991171957046934949e+03,-1.981182631087609336e-01,8.249617704981857536e-01,5.082455228298937699e-01,1.478976658457951954e-01,1.426164460582264037e-01,3.159040234106642864e-02,-1.212366066931936173e-02,0.000000000000000000e+00,0.000000000000000000e+00,0.000000000000000000e+00,0.000000000000000000e+00,8.062152371934617627e-06,-1.059919053985652964e-05,-2.112485275662127760e-05,-9.092886401524463702e-02,-9.958249700888717193e-01,-8.035585628637376132e-03,0.000000000000000000e+00,0.000000000000000000e+00
5.648259923894720152e+06,-3.780323223340563942e+06,1.670388518343593460e+05,2.526973323992929181e+03,4.038799755827094032e+03,5.991066481867401308e+03,-2.309868640614481661e-01,8.144584373600951555e-01,5.143093094213124772e-01,1.370709914116863826e-01,1.422045123832597624e-01,3.341939177145891032e-02,-1.457424387561338450e-02,0.000000000000000000e+00,0.000000000000000000e+00,0.000000000000000000e+00,0.000000000000000000e+00,8.471110087059125382e-06,-1.204210192455307786e-05,-2.017383774927396890e-05,-8.472189725252345094e-02,-9.945091357435351664e-01,6.143109187194756293e-02,0.000000000000000000e+00,0.000000000000000000e+00
5.649522513479611836e+06,-3.778303223209837452e+06,1.700343583089287276e+05,2.523384882094850582e+03,4.041200553075210337e+03,5.990959098358425763e+03,-2.636114842567014449e-01,8.025075767038539754e-01,5.200505462850569804e-01,1.266412413453874841e-01,1.417140443499228242e-01,3.535683307472110848e-02,-1.698081007849735341e-02,0.000000000000000000e+00,0.000000000000000000e+00,0.000000000000000000e+00,0.000000000000000000e+00,8.906937669766809150e-06,-1.339464119776536191e-05,-1.910919546592684706e-05,-7.855197395211759026e-02,-9.883406447391611671e-01,1.304314277496221586e-01,0.000000000000000000e+00,0.000000000000000000e+00
5.650783308643434197e+06,-3.776282023001552559e+06,1.730298106146691425e+05,2.519795639911453691e+03,4.043600065934848772e+03,5.990849806557637748e+03,-2.959566711313181275e-01,7.891347672827531134e-01,5.254190106703389151e-01,1.166654666328747064e-01,1.411420694381007312e-01,3.739887072462176609e-02,-1.933927251282719154e-02,0.000000000000000000e+00,0.000000000000000000e+00,0.000000000000000000e+00,0.000000000000000000e+00,9.368907211624565034e-06,-1.464751673410072310e-05,-1.793714919434185245e-05,-7.262204052367073059e-02,-9.773880153283807104e-01,1.985918093039777677e-01,0.000000000000000000e+00,0.000000000000000000e+00
5.652042308986331336e+06,-3.774259623358093668e+06,1.760252077974441345e+05,2.516205598586163433e+03,4.045998293644870046e+03,5.990738606503347910e+03,-3.279863285479460155e-01,7.743703073436137840e-01,5.303624477097794720e-01,1.071973388171911373e-01,1.404856511377110539e-01,3.954129446727822073e-02,-2.164541348256196832e-02,0.000000000000000000e+00,0.000000000000000000e+00,0.000000000000000000e+00,0.000000000000000000e+00,9.855313053255484752e-06,-1.579207017658616817e-05,-1.666455940027591312e-05,-6.715421300447439734e-02,-9.617568695768986542e-01,2.655447900023535923e-01,0.000000000000000000e+00,0.000000000000000000e+00
5.653299514109019190e+06,-3.772236024922225624e+06,1.790205489031367470e+05,2.512614759262676671e+03,4.048395235444597347e+03,5.990625498234538099e+03,-3.596637255898283980e-01,7.582492289735898172e-01,5.348269016008830867e-01,9.828680776075951475e-02,1.397419312240805178e-01,4.177953127021699631e-02,-2.389489294238475101e-02,0.000000000000000000e+00,0.000000000000000000e+00,0.000000000000000000e+00,0.000000000000000000e+00,1.036345500943357554e-05,-1.682037118328327926e-05,-1.529886902965298909e-05,-6.238591985744523782e-02,-9.415903203736450955e-01,3.309315119208158240e-01,0.000000000000000000e+00,0.000000000000000000e+00
5.654554923612784594e+06,-3.770211228337094188e+06,1.820158329776495520e+05,2.509023123084964936e+03,4.050790890573814067e+03,5.990510481790869562e+03,-3.909515219586172097e-01,7.408112875033711076e-01,5.387570742220274544e-01,8.997976862361475869e-02,1.389081740463929959e-01,4.410864028286382021e-02,-2.608326071503067403e-02,0.000000000000000000e+00,0.000000000000000000e+00,0.000000000000000000e+00,0.000000000000000000e+00,1.088963988445695325e-05,-1.772531170675209521e-05,-1.384804500937480988e-05,-5.856562072504084560e-02,-9.170689984523605620e-01,3.944040062507922495e-01,0.000000000000000000e+00,0.000000000000000000e+00
5.655808537099486217e+06,-3.768185234246222768e+06,1.850110590669052326e+05,2.505430691197268516e+03,4.053185258272763349e+03,5.990393557212669293e+03,-4.218118106681372215e-01,7.221009230116401945e-01,5.420967098676902074e-01,8.231774120583167098e-02,1.379818123894294979e-01,4.652331131935098785e-02,-2.820597238953214889e-02,0.000000000000000000e+00,0.000000000000000000e+00,0.000000000000000000e+00,0.000000000000000000e+00,1.142920204761697636e-05,-1.850069813572030101e-05,-1.232051670997111266e-05,-5.594815988111712102e-02,-8.884106717469617553e-01,4.556273496312848725e-01,0.000000000000000000e+00,0.000000000000000000e+00
5.657060354171555489e+06,-3.766158043293518480e+06,1.880062262168466696e+05,2.501837464744097360e+03,4.055578337782140807e+03,5.990274724540927309e+03,-4.522061784880748725e-01,7.021671910896798430e-01,5.447890042739916838e-01,7.533756510926747918e-02,1.369604943895249560e-01,4.901786734458270928e-02,-3.025840888221358049e-02,0.000000000000000000e+00,0.000000000000000000e+00,0.000000000000000000e+00,0.000000000000000000e+00,1.197654352291899912e-05,-1.914133943841066628e-05,-1.072511216691413522e-05,-5.478982429355028910e-02,-8.558694134884529126e-01,5.142816564965287940e-01,0.000000000000000000e+00,0.000000000000000000e+00
5.658310374431993812e+06,-3.764129656123265158e+06,1.910013334734375239e+05,2.498243444870225630e+03,4.057970128343093620e+03,5.990153983817294829e+03,-4.820957843172440360e-01,6.810636602257610361e-01,5.467770355584647968e-01,6.907111443525335015e-02,1.358421309085186823e-01,5.158627139881511586e-02,-3.223589957129119332e-02,0.000000000000000000e+00,0.000000000000000000e+00,0.000000000000000000e+00,0.000000000000000000e+00,1.252519368952795080e-05,-1.964312929380844242e-05,-9.070992876296651316e-06,-5.534318590855334674e-02,-8.197342815281745132e-01,5.700638906832976582e-01,0.000000000000000000e+00,0.000000000000000000e+00
5.659558597484377213e+06,-3.762100073380126618e+06,1.939963798826623824e+05,2.494648632720688965e+03,4.060360629197215530e+03,5.990031335084069724e+03,-5.114414553589926582e-01,6.588482734619064418e-01,5.480042141300535130e-01,6.354503593706727071e-02,1.346249426976685870e-01,5.422213833384827847e-02,-3.413374883852289543e-02,0.000000000000000000e+00,0.000000000000000000e+00,0.000000000000000000e+00,0.000000000000000000e+00,1.306788829482725553e-05,-2.000312009098546671e-05,-7.367587983136130597e-06,-5.785181756299302702e-02,-7.803274794911065904e-01,6.226894827726857651e-01,0.000000000000000000e+00,0.000000000000000000e+00
5.660805022932857275e+06,-3.760069295709145721e+06,1.969913644905271067e+05,2.491053029440781302e+03,4.062749839586537746e+03,5.989906778384193785e+03,-5.402038006358763633e-01,6.355831723639091546e-01,5.484147480519743212e-01,5.878051467513073503e-02,1.333075066204659764e-01,5.691875165511783158e-02,-3.594726576916902616e-02,0.000000000000000000e+00,0.000000000000000000e+00,0.000000000000000000e+00,0.000000000000000000e+00,1.359666705804841929e-05,-2.021958662725058137e-05,-5.624528665589945115e-06,-6.254497946065269709e-02,-7.380019804007706963e-01,6.718937434362720618e-01,0.000000000000000000e+00,0.000000000000000000e+00
5.662049650382153690e+06,-3.758037323755744845e+06,1.999862863430592988e+05,2.487456636175882977e+03,4.065137758753181515e+03,5.989780313760781610e+03,-5.683433410232359151e-01,6.113344818290415983e-01,5.479541197788450058e-01,5.479307126593874894e-02,1.318888001525610199e-01,5.966908566841889333e-02,-3.767179667665036813e-02,0.000000000000000000e+00,0.000000000000000000e+00,0.000000000000000000e+00,0.000000000000000000e+00,1.410298869913965381e-05,-2.029207735208697004e-05,-3.851583485101614114e-06,-6.963237985762664450e-02,-6.931386053513891587e-01,7.174330668758547302e-01,0.000000000000000000e+00,0.000000000000000000e+00
5.663292479437560774e+06,-3.756004158165725414e+06,2.029811444863056240e+05,2.483859454067031947e+03,4.067524385930390508e+03,5.989651941245133457e+03,-5.958206546054228836e-01,5.861720548322671975e-01,5.465695696639204515e-01,5.159239475620326643e-02,1.303682433394349194e-01,6.246583291833900098e-02,-3.930276002290029186e-02,0.000000000000000000e+00,0.000000000000000000e+00,0.000000000000000000e+00,0.000000000000000000e+00,1.457786177711704677e-05,-2.022145109263560452e-05,-2.058595421059500978e-06,-7.929911747256580823e-02,-6.461425632730315449e-01,7.590859226036460461e-01,0.000000000000000000e+00,0.000000000000000000e+00
5.664533509704939090e+06,-3.753969799585272558e+06,2.059759379663289001e+05,2.480261484258106520e+03,4.069909720357036804e+03,5.989521660876142050e+03,-6.225965357704842384e-01,5.601691768735181931e-01,5.442105811699737838e-01,4.918221497733630404e-02,1.287457373975588737e-01,6.530143697176814255e-02,-4.083568324891023726e-02,0.000000000000000000e+00,0.000000000000000000e+00,0.000000000000000000e+00,0.000000000000000000e+00,1.501198927912133342e-05,-2.000989736271835087e-05,-2.554212397273935550e-07,-9.170091473566244211e-02,-5.974394725543223927e-01,7.966536379573345705e-01,0.000000000000000000e+00,0.000000000000000000e+00
5.665772740790727548e+06,-3.751934248660951853e+06,2.089706658292138018e+05,2.476662727895447006e+03,4.072293761276881469e+03,5.989389472699299404e+03,-6.486321661439133912e-01,5.334022306063997965e-01,5.408293622662353473e-01,4.756021802167243601e-02,1.270216991323029343e-01,6.816813071537163038e-02,-4.226624097124247886e-02,0.000000000000000000e+00,0.000000000000000000e+00,0.000000000000000000e+00,0.000000000000000000e+00,1.539592448252286066e-05,-1.966093860236393378e-05,1.548126241772401142e-06,-1.069597501586221494e-01,-5.474709009176271790e-01,8.299609776937991734e-01,0.000000000000000000e+00,0.000000000000000000e+00
5.667010172301933169e+06,-3.749897506039706059e+06,2.119653271210679086e+05,2.473063186125661105e+03,4.074676507934154870e+03,5.989255376760770559e+03,-6.738892950820009053e-01,5.059503219276114683e-01,5.363813171971006932e-01,4.671800806041920967e-02,1.251970903427466475e-01,7.105797938764500665e-02,-4.359029384529392037e-02,0.000000000000000000e+00,0.000000000000000000e+00,0.000000000000000000e+00,0.000000000000000000e+00,1.572023523067268727e-05,-1.917941301784256296e-05,3.342332534806312499e-06,-1.251599934012616044e-01,-4.966894757117870651e-01,8.588565309578464202e-01,0.000000000000000000e+00,0.000000000000000000e+00
5.668245803846140392e+06,-3.747859572368854657e+06,2.149599208880220540e+05,2.469462860095618908e+03,4.077057959573540757e+03,5.989119373107388128e+03,-6.983304271072700020e-01,4.778948696382002148e-01,5.308255026307521218e-01,4.664111819494588113e-02,1.232734414885941765e-01,7.396292802961103308e-02,-4.480392741706543808e-02,0.000000000000000000e+00,0.000000000000000000e+00,0.000000000000000000e+00,0.000000000000000000e+00,1.597567343917940676e-05,-1.857143708819623937e-05,5.117632151071918373e-06,-1.463451395290202017e-01,-4.455536325157875566e-01,8.832129192262860862e-01,0.000000000000000000e+00,0.000000000000000000e+00
5.669479635031507351e+06,-3.745820448296096176e+06,2.179544461762285209e+05,2.465861750947176006e+03,4.079438115429375102e+03,5.988981461772234070e+03,-7.219190134127639880e-01,4.493191616307865566e-01,5.241250621084148076e-01,4.730907243224142383e-02,1.212528689293248946e-01,7.687485279286962458e-02,-4.590349004576498027e-02,0.000000000000000000e+00,0.000000000000000000e+00,0.000000000000000000e+00,0.000000000000000000e+00,1.615334639900875351e-05,-1.784434726403638167e-05,6.864655336751172829e-06,-1.705152278973144364e-01,-3.945220844602101984e-01,9.029268419580280813e-01,0.000000000000000000e+00,0.000000000000000000e+00
5.670711665466756560e+06,-3.743780134469517041e+06,2.209489020318516705e+05,2.462259859819856956e+03,4.081816974731066693e+03,5.988841642781904739e+03,-7.446196443449639712e-01,4.203078814701399213e-01,5.162476327318531455e-01,4.869550008388791318e-02,1.191380850908431988e-01,7.978561535941770810e-02,-4.688562864942417280e-02,0.000000000000000000e+00,0.000000000000000000e+00,0.000000000000000000e+00,0.000000000000000000e+00,1.624488627493822374e-05,-1.700662089943004164e-05,8.574270761561405321e-06,-1.976250178646588584e-01,-3.440481079222906802e-01,9.179189788587471810e-01,0.000000000000000000e+00,0.000000000000000000e+00
5.671941894761187956e+06,-3.741738631537582725e+06,2.239432875010755961e+05,2.458657187860506383e+03,4.084194536722885005e+03,5.988699916182875313e+03,-7.663982396456603396e-01,3.909466098778775489e-01,5.071657183606249619e-01,5.076830322926919464e-02,1.169324015134594608e-01,8.268711970541699208e-02,-4.774732361096738903e-02,0.000000000000000000e+00,0.000000000000000000e+00,0.000000000000000000e+00,0.000000000000000000e+00,1.624261414226070571e-05,-1.606777699560474194e-05,1.023762417970430681e-05,-2.275829766206138305e-01,-2.945737510452460239e-01,9.281337694253101178e-01,0.000000000000000000e+00,0.000000000000000000e+00
5.673170322524669580e+06,-3.739695940149138216e+06,2.269376016301076452e+05,2.455053736216356810e+03,4.086570800649811190e+03,5.988556282022627784e+03,-7.872222331715068577e-01,3.613213062591976721e-01,4.968570239892248219e-01,5.348987713748987183e-02,1.146397242421378498e-01,8.557137028362692133e-02,-4.848592055088388197e-02,0.000000000000000000e+00,0.000000000000000000e+00,0.000000000000000000e+00,0.000000000000000000e+00,1.613969494982361844e-05,-1.503825789007897905e-05,1.184617319764351999e-05,-2.602511156929666059e-01,-2.465240796635996268e-01,9.335390912685882503e-01,0.000000000000000000e+00,0.000000000000000000e+00
5.674396948367647827e+06,-3.737652060953402892e+06,2.299318434651793796e+05,2.451449506034977276e+03,4.088945765757427125e+03,5.988410740349499974e+03,-8.070607488100598470e-01,3.315177762554222807e-01,4.853047463278870599e-01,5.681738244965742896e-02,1.122645414280353665e-01,8.843053060465330684e-02,-4.909915818333603077e-02,0.000000000000000000e+00,0.000000000000000000e+00,0.000000000000000000e+00,0.000000000000000000e+00,1.593027993693136760e-05,-1.392929359191871896e-05,1.339171838736027099e-05,-2.954456927282685386e-01,-2.003015802665000511e-01,9.341258585389103919e-01,0.000000000000000000e+00,0.000000000000000000e+00
5.675621771901140921e+06,-3.735606994599976111e+06,2.329260120525465463e+05,2.447844498464265143e+03,4.091319431291907222e+03,5.988263291212670083e+03,-8.258847644223133999e-01,3.016211317528461056e-01,4.724978163153919497e-01,6.070306707587678346e-02,1.098119032579788212e-01,9.125698117523735331e-02,-4.958519192777990914e-02,0.000000000000000000e+00,0.000000000000000000e+00,0.000000000000000000e+00,0.000000000000000000e+00,1.560963329722618278e-05,-1.275275098971272750e-05,1.486643107547127118e-05,-3.329387731719778976e-01,-1.562808406511057291e-01,9.299075610855747076e-01,0.000000000000000000e+00,0.000000000000000000e+00
5.676844792736740783e+06,-3.733560741738833021e+06,2.359201064384897763e+05,2.444238714652440649e+03,4.093691796500008877e+03,5.988113934662151223e+03,-8.436672608365262116e-01,2.717152501339636927e-01,4.584310900736202066e-01,6.509463488754520244e-02,1.072873944565309601e-01,9.404337573206750234e-02,-4.994261274783545757e-02,0.000000000000000000e+00,0.000000000000000000e+00,0.000000000000000000e+00,0.000000000000000000e+00,1.517424024843699511e-05,-1.152097063798859206e-05,1.626287821070638749e-05,-3.724606250308198363e-01,-1.148036266163992708e-01,9.209197631267197481e-01,0.000000000000000000e+00,0.000000000000000000e+00
5.678066010486612096e+06,-3.731513303020323627e+06,2.389141256693149044e+05,2.440632155748040077e+03,4.096062860629056559e+03,5.987962670748764140e+03,-8.603833531962571390e-01,2.418822397683185743e-01,4.431054856863310132e-01,6.993565744387565675e-02,1.046970997806048048e-01,9.678269472457838585e-02,-5.017046079410720366e-02,0.000000000000000000e+00,0.000000000000000000e+00,0.000000000000000000e+00,0.000000000000000000e+00,1.462189412436326448e-05,-1.024659423803792328e-05,1.757404476206690476e-05,-4.137028982761759566e-01,-7.617446628935152508e-02,9.072195779652378889e-01,0.000000000000000000e+00,0.000000000000000000e+00
5.679285424763498828e+06,-3.729464679095176049e+06,2.419080687913533766e+05,2.437024822899908941e+03,4.098432622926931799e+03,5.987809499524116291e+03,-8.760104023209269730e-01,2.122019187829140008e-01,4.265280641330760347e-01,7.516602422150507612e-02,1.020475630926920840e-01,9.946829504696759472e-02,-5.026823354748528871e-02,0.000000000000000000e+00,0.000000000000000000e+00,0.000000000000000000e+00,0.000000000000000000e+00,1.395176063989046374e-05,-8.942386251814737617e-06,1.879335412556038245e-05,-4.563225208259555910e-01,-4.065684372702058069e-02,8.888851320869317618e-01,0.000000000000000000e+00,0.000000000000000000e+00
5.680503035180713050e+06,-3.727414870614493731e+06,2.449019348509625415e+05,2.433416717257185610e+03,4.100801082642049550e+03,5.987654421040584566e+03,-8.905281041594622637e-01,1.827513140216046883e-01,4.087120537042270296e-01,8.072242614295001284e-02,9.934574074929818088e-02,1.020939550969887782e-01,-5.023588828990768057e-02,0.000000000000000000e+00,0.000000000000000000e+00,0.000000000000000000e+00,0.000000000000000000e+00,1.316441807187028455e-05,-7.621053308257180593e-06,1.991468701785123160e-05,-4.999462250138422270e-01,-8.470089601831319245e-03,8.660150285512056012e-01,0.000000000000000000e+00,0.000000000000000000e+00
5.681718841352148913e+06,-3.725363878229755908e+06,2.478957228945263196e+05,2.429807839969299948e+03,4.103168239023345450e+03,5.987497435351286185e+03,-9.039185558933280351e-01,1.536041868012615885e-01,3.896768182334652275e-01,8.653886664549328978e-02,9.659895017038250264e-02,1.046539143443422082e-01,-5.007383886600737244e-02,0.000000000000000000e+00,0.000000000000000000e+00,0.000000000000000000e+00,0.000000000000000000e+00,1.226187272615071578e-05,-6.295065170069509803e-06,2.093239931077045941e-05,-5.441756034200562198e-01,2.021295988937307775e-02,8.387278157393662781e-01,0.000000000000000000e+00,0.000000000000000000e+00
5.682932842892267741e+06,-3.723311702592817601e+06,2.508894319684552029e+05,2.426198192185959215e+03,4.105534091320251719e+03,5.987338542510049592e+03,-9.161662977589145607e-01,1.248305916086675516e-01,3.694477704776938931e-01,9.254719411422097919e-02,9.381481455866240438e-02,1.071429067207961133e-01,-4.978294683655358488e-02,0.000000000000000000e+00,0.000000000000000000e+00,0.000000000000000000e+00,0.000000000000000000e+00,1.124754970003925041e-05,-4.976481020726461928e-06,2.184133921294328039e-05,-5.885925813573071874e-01,4.526748354475970681e-02,8.071614634660568832e-01,0.000000000000000000e+00,0.000000000000000000e+00
5.684145039416111074e+06,-3.721258344355908688e+06,2.538830611191868084e+05,2.422587775057135786e+03,4.107898638782676244e+03,5.987177742571388990e+03,-9.272583301936770939e-01,9.649647327137596264e-02,3.480562329198985672e-01,9.867764923339858441e-02,9.100120481090341606e-02,1.095561872925703006e-01,-4.936450725812343426e-02,0.000000000000000000e+00,0.000000000000000000e+00,0.000000000000000000e+00,0.000000000000000000e+00,1.012625957576909526e-05,-3.676784706589821967e-06,2.263686413647962857e-05,-6.327651850670470424e-01,6.661734376091744958e-02,7.714728446791275784e-01,0.000000000000000000e+00,0.000000000000000000e+00
5.685355430539293215e+06,-3.719203804171632510e+06,2.568766093931862270e+05,2.418976589733056699e+03,4.110261880660980751e+03,5.987015035590473417e+03,-9.371841064478609873e-01,6.866330739914278114e-02,3.255392491389986209e-01,1.048594206952914859e-01,8.816617970451549879e-02,1.118895518372515774e-01,-4.882022944821802490e-02,0.000000000000000000e+00,0.000000000000000000e+00,0.000000000000000000e+00,0.000000000000000000e+00,8.904142270801120618e-06,-2.406732333193146009e-06,2.331485750135262326e-05,-6.762534808883727822e-01,8.423489300203028385e-02,7.318372171373193069e-01,0.000000000000000000e+00,0.000000000000000000e+00
5.686564015878004953e+06,-3.717148082692970522e+06,2.598700758369462565e+05,2.415364637364195005e+03,4.112623816205962612e+03,5.986850421623096736e+03,-9.459355013264633127e-01,4.138778805557581653e-02,3.019393496568422153e-01,1.110212027448913980e-01,8.531792545109072312e-02,1.141393491163663620e-01,-4.815221320674214350e-02,0.000000000000000000e+00,0.000000000000000000e+00,0.000000000000000000e+00,0.000000000000000000e+00,7.588589803861313955e-06,-1.176215278434599056e-06,2.387174563215427859e-05,-7.186155603623470833e-01,9.813992989866004990e-02,6.884476963172992958e-01,0.000000000000000000e+00,0.000000000000000000e+00
5.687770795049010776e+06,-3.715091180573274381e+06,2.628634594969876925e+05,2.411751919101257045e+03,4.114984444668828473e+03,5.986683900725652165e+03,-9.535067572178016482e-01,1.472156571117482805e-02,2.773042768155279947e-01,1.170917482268533510e-01,8.246469568461638200e-02,1.163024858043624904e-01,-4.736292105975463407e-02,0.000000000000000000e+00,0.000000000000000000e+00,0.000000000000000000e+00,0.000000000000000000e+00,6.188150193575774410e-06,5.858736691190897216e-09,2.430451479621662431e-05,-7.594134502310007084e-01,1.083978372094360210e-01,6.415147079347162107e-01,0.000000000000000000e+00,0.000000000000000000e+00
5.688975767669648863e+06,-3.713033098466272466e+06,2.658567594198597944e+05,2.408138436095171528e+03,4.117343765301175154e+03,5.986515472955097721e+03,-9.598944090109488014e-01,-1.128896242039747512e-02,2.516866737431077694e-01,1.230004111258280464e-01,7.961475289802742716e-02,1.183764241990087895e-01,-4.645514716688256551e-02,0.000000000000000000e+00,0.000000000000000000e+00,0.000000000000000000e+00,0.000000000000000000e+00,4.712415075547993605e-06,1.131664369187097643e-06,2.461072832370157711e-05,-7.982188334968992605e-01,1.151169534822780033e-01,5.912654064561942979e-01,0.000000000000000000e+00,0.000000000000000000e+00
5.690178933357839473e+06,-3.710973837026068941e+06,2.688499746521401685e+05,2.404524189497076350e+03,4.119701777354962360e+03,5.986345138368923472e+03,-9.650971898921317793e-01,-3.660280852023108100e-02,2.251437428233164229e-01,1.286776730371294863e-01,7.677631226078768245e-02,1.203591729914986891e-01,-4.543198358795245972e-02,0.000000000000000000e+00,0.000000000000000000e+00,0.000000000000000000e+00,0.000000000000000000e+00,3.171893894489787219e-06,2.194535554118880573e-06,2.478854364417769338e-05,-8.346184781641273753e-01,1.184452475387655912e-01,5.379430446083269812e-01,0.000000000000000000e+00,0.000000000000000000e+00
5.691380291732071899e+06,-3.708913396907138638e+06,2.718431042404356413e+05,2.400909180458315404e+03,4.122058480082501774e+03,5.986172897025141538e+03,-9.691159203306445313e-01,-6.118449657307985234e-02,1.977368792922908902e-01,1.340556485513852425e-01,7.395748864656274957e-02,1.222492715120133550e-01,-4.429678463641943675e-02,0.000000000000000000e+00,0.000000000000000000e+00,0.000000000000000000e+00,0.000000000000000000e+00,1.577877696146118423e-06,3.189019535284075486e-06,2.483672897508124096e-05,-8.682192833265612864e-01,1.185663793136349231e-01,4.818062782450719395e-01,0.000000000000000000e+00,0.000000000000000000e+00
5.692579842411415651e+06,-3.706851778764331713e+06,2.748361472313820850e+05,2.397293410130424036e+03,4.124413872736427948e+03,5.985998748982241523e+03,-9.719533828117614682e-01,-8.500411173627635264e-02,1.695312856451422212e-01,1.390685651619568419e-01,7.116624757871932438e-02,1.240457679843258165e-01,-4.305313005725838055e-02,0.000000000000000000e+00,0.000000000000000000e+00,0.000000000000000000e+00,0.000000000000000000e+00,-5.770439040992110215e-08,4.110907548365954400e-06,2.475467930940110963e-05,-8.986528670081037617e-01,1.156952426850518245e-01,4.231283911984192181e-01,0.000000000000000000e+00,0.000000000000000000e+00
5.693777585015512072e+06,-3.704788983252872247e+06,2.778291026716444758e+05,2.393676879665123579e+03,4.126767954569691938e+03,5.985822694299181421e+03,-9.736141850446732304e-01,-1.080372981788872699e-01,1.405955724559292963e-01,1.436532139835119126e-01,6.841036066771576107e-02,1.257481924184865596e-01,-4.170478775622753903e-02,0.000000000000000000e+00,0.000000000000000000e+00,0.000000000000000000e+00,0.000000000000000000e+00,-1.722432921233281033e-06,4.957242234718405325e-06,2.454243127630275606e-05,-9.255796363881552136e-01,1.100730939653307566e-01,3.621964255600404470e-01,0.000000000000000000e+00,0.000000000000000000e+00
5.694973519164583646e+06,-3.702725011028357316e+06,2.808219696079177083e+05,2.390059590214310447e+03,4.129120724835534929e+03,5.985644733035356694e+03,-9.741046144678895402e-01,-1.302652076321971497e-01,1.110013510087788924e-01,1.477493682799719821e-01,6.569736597389382038e-02,1.273565248421640872e-01,-4.025567677772701192e-02,0.000000000000000000e+00,0.000000000000000000e+00,0.000000000000000000e+00,0.000000000000000000e+00,-3.403547218531577629e-06,5.726302388580115400e-06,2.420067639175089622e-05,-9.486922975709193295e-01,1.019623754428441581e-01,2.993102045097409958e-01,0.000000000000000000e+00,0.000000000000000000e+00
5.696167644479420967e+06,-3.700659862746756990e+06,2.838147470869263634e+05,2.386441542930053856e+03,4.131472182787477323e+03,5.985464865250587536e+03,-9.734324868959793875e-01,-1.516744015185498562e-01,8.082282282191517730e-02,1.513001675167480464e-01,6.303453358701914533e-02,1.288711596184063946e-01,-3.870983118238362913e-02,0.000000000000000000e+00,0.000000000000000000e+00,0.000000000000000000e+00,0.000000000000000000e+00,-5.088093024146031590e-06,6.417566118688592357e-06,2.373077217813586700e-05,-9.677187787236037897e-01,9.164134493251210878e-02,2.347812369092920071e-01,0.000000000000000000e+00,0.000000000000000000e+00
5.697359960581397638e+06,-3.698593539064414334e+06,2.868074341554248240e+05,2.382822738964584460e+03,4.133822327679311456e+03,5.985283091005098868e+03,-9.716069921055885406e-01,-1.722567100371832083e-01,5.013637073903705332e-02,1.542524653540895130e-01,6.042883657500870004e-02,1.302928666210755315e-01,-3.707136541597749052e-02,0.000000000000000000e+00,0.000000000000000000e+00,0.000000000000000000e+00,0.000000000000000000e+00,-6.763066247061670511e-06,7.031653925368476690e-06,2.313475061320522706e-05,-9.824245562117193131e-01,7.939862183164476950e-02,1.689314955934559659e-01,0.000000000000000000e+00,0.000000000000000000e+00
5.698550467092462815e+06,-3.696526040638045408e+06,2.898000298601980321e+05,2.379203179470297073e+03,4.136171158765082509e+03,5.985099410359510330e+03,-9.686385390529376194e-01,-1.920090519785483951e-01,1.902015578408935981e-02,1.565571406663987808e-01,5.788692732286492698e-02,1.316227500405479645e-01,-3.534444169161324312e-02,0.000000000000000000e+00,0.000000000000000000e+00,0.000000000000000000e+00,0.000000000000000000e+00,-8.415550636724052682e-06,7.570253548051173305e-06,2.241532336916350266e-05,-9.926143881661867452e-01,6.552775609979606675e-02,1.020920642655079036e-01,0.000000000000000000e+00,0.000000000000000000e+00
5.699739163635138422e+06,-3.694457368124740664e+06,2.927925332480610814e+05,2.375582865599742490e+03,4.138518675299086681e+03,5.984913823374822641e+03,-9.645386032584651881e-01,-2.109332193130049327e-01,-1.244627655330274307e-02,1.581693712904606308e-01,5.541511916240594859e-02,1.328622055737539998e-01,-3.353323983042479084e-02,0.000000000000000000e+00,0.000000000000000000e+00,0.000000000000000000e+00,0.000000000000000000e+00,-1.003284755718961800e-05,8.036028721185302129e-06,2.157588332180119780e-05,-9.981334730456868920e-01,5.032192086776979267e-02,3.460165120240962094e-02,0.000000000000000000e+00,0.000000000000000000e+00
5.700926049832525663e+06,-3.692387522181963548e+06,2.957849433658584603e+05,2.371961798501453359e+03,4.140864876526831722e+03,5.984726330100549603e+03,-9.593195786980273088e-01,-2.290356307597336272e-01,-4.418237749062560449e-02,1.590488707548926017e-01,5.301937307652736936e-02,1.340128766857364984e-01,-3.164192978130842687e-02,0.000000000000000000e+00,0.000000000000000000e+00,0.000000000000000000e+00,0.000000000000000000e+00,-1.160259639809785724e-05,8.432514187332243647e-06,2.062050184555692077e-05,-9.988680620961513101e-01,3.406882149032765955e-02,-3.319502864194676106e-02,0.000000000000000000e+00,0.000000000000000000e+00
5.702111125308293849e+06,-3.690316503467559814e+06,2.987772592604521196e+05,2.368339979318122005e+03,4.143209761681008786e+03,5.984536930569447577e+03,-9.529946363409808052e-01,-2.463270585921638889e-01,-7.610696097922439729e-02,1.591600885937211607e-01,5.070528914456750441e-02,1.350766104418254787e-01,-2.967464629126229103e-02,0.000000000000000000e+00,0.000000000000000000e+00,0.000000000000000000e+00,0.000000000000000000e+00,-1.311288451959779659e-05,8.763999459675558026e-06,1.955392146254810424e-05,-9.947455639153577334e-01,1.704590448388170615e-02,-1.009489980685456118e-01,0.000000000000000000e+00,0.000000000000000000e+00
5.703294389686689712e+06,-3.688244312639751937e+06,3.017694799787289812e+05,2.364717409203103671e+03,4.145553330017250119e+03,5.984345624844488157e+03,-9.455775911917153609e-01,-2.628223329335771519e-01,-1.081385526307142714e-01,1.584723754550287633e-01,4.847810256785058114e-02,1.360554141449545895e-01,-2.763546878551026778e-02,0.000000000000000000e+00,0.000000000000000000e+00,0.000000000000000000e+00,0.000000000000000000e+00,-1.455234599017113004e-05,9.035403897222405418e-06,1.838154347655692231e-05,-9.857341865280890847e-01,-4.840606556361647409e-04,-1.683088803215334606e-01,0.000000000000000000e+00,0.000000000000000000e+00
5.704475842592535540e+06,-3.686170950357135851e+06,3.047616045676085050e+05,2.361094089310515756e+03,4.147895580792764122e+03,5.984152412990759331e+03,-9.370827793550002838e-01,-2.785400276510944795e-01,-1.401957202822088633e-01,1.569601148285385828e-01,4.634268362707662930e-02,1.369514128789653118e-01,-2.552840467357152601e-02,0.000000000000000000e+00,0.000000000000000000e+00,0.000000000000000000e+00,0.000000000000000000e+00,-1.591024872112260777e-05,9.252145656851074485e-06,1.710941029428365048e-05,-9.718421673694015439e-01,-1.827696600800593832e-02,-2.349228686958474144e-01,0.000000000000000000e+00,0.000000000000000000e+00
5.705655483651230112e+06,-3.684096417278676759e+06,3.077536320740425144e+05,2.357470020794707580e+03,4.150236513265178473e+03,5.983957295073955720e+03,-9.275249464906671903e-01,-2.935021317029442578e-01,-1.721973852033973629e-01,1.546028229122147213e-01,4.430354108185170087e-02,1.377668082794923088e-01,-2.335737542384809171e-02,0.000000000000000000e+00,0.000000000000000000e+00,0.000000000000000000e+00,0.000000000000000000e+00,-1.717656989385308580e-05,9.420007054656703781e-06,1.574418222207126772e-05,-9.531166444857577247e-01,-3.611086504490611943e-02,-3.004407885589412408e-01,0.000000000000000000e+00,0.000000000000000000e+00
